"Fecha Tiempo, GMT-05:00","Temp, °C (SEN S/N: 20486630, LBL: Pared sur)","Temp, °C (SEN S/N: 20486630, LBL: Pared oeste)","Temp, °C (SEN S/N: 20486630, LBL: Pared norte)","Temp1 Max, °C","Temp1 Min, °C"
12/03/20 10:00:00,,,,23.644,22.619
12/03/20 10:15:00,16.286,6.916,8.353,,
12/03/20 10:30:00,16.586,7.381,8.902,,
12/03/20 10:45:00,16.844,7.824,9.457,,
12/03/20 11:00:00,17.376,8.447,10.184,22.017,21.281
12/03/20 11:15:00,17.934,9.179,11.030,,
12/03/20 11:30:00,18.420,10.017,11.643,,
12/03/20 11:45:00,18.892,10.863,12.157,,
12/03/20 12:00:00,19.138,11.467,12.455,21.044,20.521
12/03/20 12:15:00,19.227,11.900,12.678,,
12/03/20 12:30:00,19.322,12.717,13.099,,
12/03/20 12:45:00,19.445,13.918,13.595,,
12/03/20 13:00:00,19.512,15.119,14.214,20.831,20.424
12/03/20 13:15:00,19.621,16.656,14.916,,
12/03/20 13:30:00,19.897,17.974,15.560,,
12/03/20 13:45:00,20.091,19.042,16.070,,
12/03/20 14:00:00,20.170,19.209,16.140,20.831,19.930
12/03/20 14:15:00,19.835,19.215,16.153,,
12/03/20 14:30:00,19.683,19.585,16.235,,
12/03/20 14:45:00,19.248,18.389,15.699,,
12/03/20 15:00:00,18.870,17.703,15.318,19.350,18.503
12/03/20 15:15:00,18.583,17.549,15.139,,
12/03/20 15:30:00,18.439,17.699,15.043,,
12/03/20 15:45:00,18.195,18.553,15.194,,
12/03/20 16:00:00,17.831,19.688,15.163,18.323,17.179
12/03/20 16:15:00,17.430,20.379,14.970,,
12/03/20 16:30:00,17.012,20.699,14.676,,
12/03/20 16:45:00,16.513,20.734,14.298,,
12/03/20 17:00:00,15.943,20.370,13.739,16.606,14.750
12/03/20 17:15:00,15.373,19.918,13.129,,
12/03/20 17:30:00,14.782,19.243,12.458,,
12/03/20 17:45:00,14.153,18.100,11.742,,
12/03/20 18:00:00,13.515,16.802,11.029,14.098,12.397
12/03/20 18:15:00,12.898,15.311,10.410,,
12/03/20 18:30:00,12.308,13.978,9.875,,
12/03/20 18:45:00,11.763,12.919,9.403,,
12/03/20 19:00:00,11.318,12.122,8.993,11.934,10.753
12/03/20 19:15:00,10.947,11.488,8.646,,
12/03/20 19:30:00,10.568,10.915,8.301,,
12/03/20 19:45:00,10.210,10.377,7.901,,
12/03/20 20:00:00,9.901,9.904,7.555,10.387,9.618
12/03/20 20:15:00,9.648,9.523,7.337,,
12/03/20 20:30:00,9.410,9.227,7.159,,
12/03/20 20:45:00,9.199,8.956,6.999,,
12/03/20 21:00:00,8.993,8.669,6.789,9.399,8.790
12/03/20 21:15:00,8.810,8.406,6.602,,
12/03/20 21:30:00,8.666,8.201,6.463,,
12/03/20 21:45:00,8.543,8.017,6.344,,
12/03/20 22:00:00,8.465,7.892,6.258,8.647,8.110
12/03/20 22:15:00,8.360,7.741,6.113,,
12/03/20 22:30:00,8.227,7.563,5.970,,
12/03/20 22:45:00,8.079,7.421,5.840,,
12/03/20 23:00:00,7.913,7.237,5.677,7.903,7.376
12/03/20 23:15:00,7.743,7.053,5.534,,
12/03/20 23:30:00,7.591,6.886,5.411,,
12/03/20 23:45:00,7.447,6.726,5.288,,
12/04/20 00:00:00,7.310,6.555,5.156,7.215,6.683
12/04/20 00:15:00,7.138,6.337,4.973,,
12/04/20 00:30:00,6.977,6.143,4.816,,
12/04/20 00:45:00,6.807,5.973,4.665,,
12/04/20 01:00:00,6.667,5.831,4.553,6.547,6.019
12/04/20 01:15:00,6.525,5.675,4.405,,
12/04/20 01:30:00,6.372,5.538,4.270,,
12/04/20 01:45:00,6.223,5.398,4.133,,
12/04/20 02:00:00,6.096,5.288,4.028,5.851,5.435
12/04/20 02:15:00,5.995,5.232,3.973,,
12/04/20 02:30:00,5.893,5.173,3.902,,
12/04/20 02:45:00,5.771,5.050,3.794,,
12/04/20 03:00:00,5.648,4.922,3.692,5.288,4.997
12/04/20 03:15:00,5.546,4.801,3.625,,
12/04/20 03:30:00,5.460,4.722,3.549,,
12/04/20 03:45:00,5.367,4.663,3.482,,
12/04/20 04:00:00,5.287,4.615,3.451,4.922,4.765
12/04/20 04:15:00,5.185,4.551,3.414,,
12/04/20 04:30:00,5.094,4.493,3.394,,
12/04/20 04:45:00,5.053,4.467,3.406,,
12/04/20 05:00:00,5.016,4.438,3.399,5.464,4.673
12/04/20 05:15:00,4.974,4.397,3.371,,
12/04/20 05:30:00,5.005,4.397,3.411,,
12/04/20 05:45:00,5.606,4.488,3.574,,
12/04/20 06:00:00,6.531,4.655,3.825,9.941,6.639
12/04/20 06:15:00,7.237,4.829,4.097,,
12/04/20 06:30:00,7.907,4.973,4.325,,
12/04/20 06:45:00,9.140,5.166,4.611,,
12/04/20 07:00:00,10.916,5.451,4.995,16.891,12.090
12/04/20 07:15:00,12.577,5.765,5.411,,
12/04/20 07:30:00,13.984,6.084,5.839,,
12/04/20 07:45:00,15.090,6.412,6.306,,
12/04/20 08:00:00,16.006,6.770,6.807,20.344,17.938
12/04/20 08:15:00,16.780,7.132,7.278,,
12/04/20 08:30:00,17.623,7.541,7.801,,
12/04/20 08:45:00,18.295,7.882,8.218,,
12/04/20 09:00:00,17.932,8.081,8.461,22.618,20.354
12/04/20 09:15:00,17.617,8.514,9.016,,
12/04/20 09:30:00,17.531,8.979,9.551,,
12/04/20 09:45:00,17.678,9.443,10.115,,
12/04/20 10:00:00,17.914,9.961,10.690,22.994,22.411
12/04/20 10:15:00,18.241,10.550,11.364,,
12/04/20 10:30:00,18.613,11.157,11.939,,
12/04/20 10:45:00,18.863,11.815,12.622,,
12/04/20 11:00:00,18.849,12.314,13.240,22.031,20.178
12/04/20 11:15:00,18.817,12.752,13.693,,
12/04/20 11:30:00,18.594,12.895,13.595,,
12/04/20 11:45:00,18.099,12.672,13.124,,
12/04/20 12:00:00,17.583,12.281,12.589,19.167,17.370
12/04/20 12:15:00,17.043,11.875,12.204,,
12/04/20 12:30:00,16.552,11.555,12.012,,
12/04/20 12:45:00,16.104,11.317,11.919,,
12/04/20 13:00:00,15.718,11.137,11.828,17.000,16.086
12/04/20 13:15:00,15.343,10.951,11.637,,
12/04/20 13:30:00,14.985,10.754,11.390,,
12/04/20 13:45:00,14.667,10.562,11.140,,
12/04/20 14:00:00,14.283,10.392,10.940,15.783,14.792
12/04/20 14:15:00,13.973,10.133,10.802,,
12/04/20 14:30:00,13.652,9.947,10.569,,
12/04/20 14:45:00,13.333,9.823,10.308,,
12/04/20 15:00:00,13.063,9.761,10.113,14.433,13.234
12/04/20 15:15:00,12.674,9.544,9.798,,
12/04/20 15:30:00,12.242,9.278,9.504,,
12/04/20 15:45:00,12.053,9.179,9.396,,
12/04/20 16:00:00,11.837,9.029,9.177,12.868,11.739
12/04/20 16:15:00,11.496,8.723,8.860,,
12/04/20 16:30:00,11.218,8.495,8.616,,
12/04/20 16:45:00,11.058,8.413,8.509,,
12/04/20 17:00:00,10.922,8.352,8.399,11.590,11.117
12/04/20 17:15:00,10.793,8.283,8.308,,
12/04/20 17:30:00,10.650,8.124,8.166,,
12/04/20 17:45:00,10.499,7.926,8.021,,
12/04/20 18:00:00,10.306,7.749,7.821,10.727,9.319
12/04/20 18:15:00,9.997,7.541,7.508,,
12/04/20 18:30:00,9.717,7.362,7.247,,
12/04/20 18:45:00,9.495,7.204,7.037,,
12/04/20 19:00:00,9.304,7.067,6.853,9.125,8.483
12/04/20 19:15:00,9.106,6.922,6.634,,
12/04/20 19:30:00,8.908,6.780,6.439,,
12/04/20 19:45:00,8.716,6.647,6.266,,
12/04/20 20:00:00,8.554,6.536,6.132,8.305,7.890
12/04/20 20:15:00,8.408,6.441,6.017,,
12/04/20 20:30:00,8.269,6.358,5.920,,
12/04/20 20:45:00,8.137,6.277,5.827,,
12/04/20 21:00:00,8.014,6.196,5.738,7.755,7.330
12/04/20 21:15:00,7.899,6.113,5.658,,
12/04/20 21:30:00,7.755,5.997,5.538,,
12/04/20 21:45:00,7.592,5.864,5.401,,
12/04/20 22:00:00,7.420,5.719,5.239,7.146,6.767
12/04/20 22:15:00,7.277,5.587,5.139,,
12/04/20 22:30:00,7.173,5.502,5.095,,
12/04/20 22:45:00,7.050,5.430,5.048,,
12/04/20 23:00:00,6.957,5.382,5.008,6.686,6.560
12/04/20 23:15:00,6.897,5.354,4.974,,
12/04/20 23:30:00,6.878,5.354,4.956,,
12/04/20 23:45:00,6.846,5.345,4.911,,
12/05/20 00:00:00,6.807,5.325,4.897,6.539,6.460
12/05/20 00:15:00,6.756,5.313,4.905,,
12/05/20 00:30:00,6.713,5.276,4.877,,
12/05/20 00:45:00,6.675,5.261,4.872,,
12/05/20 01:00:00,6.618,5.253,4.864,6.425,6.264
12/05/20 01:15:00,6.544,5.227,4.822,,
12/05/20 01:30:00,6.471,5.198,4.783,,
12/05/20 01:45:00,6.414,5.176,4.759,,
12/05/20 02:00:00,6.371,5.142,4.735,6.223,6.116
12/05/20 02:15:00,6.326,5.115,4.718,,
12/05/20 02:30:00,6.306,5.100,4.704,,
12/05/20 02:45:00,6.296,5.113,4.702,,
12/05/20 03:00:00,6.283,5.127,4.706,6.097,5.990
12/05/20 03:15:00,6.269,5.134,4.706,,
12/05/20 03:30:00,6.234,5.126,4.684,,
12/05/20 03:45:00,6.178,5.087,4.634,,
12/05/20 04:00:00,6.129,5.032,4.581,5.931,5.768
12/05/20 04:15:00,6.086,4.977,4.534,,
12/05/20 04:30:00,6.038,4.908,4.478,,
12/05/20 04:45:00,5.989,4.867,4.451,,
12/05/20 05:00:00,5.936,4.833,4.428,5.719,5.627
12/05/20 05:15:00,5.880,4.782,4.387,,
12/05/20 05:30:00,5.840,4.749,4.366,,
12/05/20 05:45:00,5.850,4.757,4.395,,
12/05/20 06:00:00,5.990,4.788,4.480,9.703,5.851
12/05/20 06:15:00,6.404,4.817,4.595,,
12/05/20 06:30:00,7.269,4.867,4.733,,
12/05/20 06:45:00,9.007,5.000,4.903,,
12/05/20 07:00:00,10.551,5.171,5.131,17.083,11.769
12/05/20 07:15:00,11.837,5.393,5.395,,
12/05/20 07:30:00,13.294,5.653,5.736,,
12/05/20 07:45:00,14.454,5.926,6.113,,
12/05/20 08:00:00,15.237,6.228,6.504,20.896,18.054
12/05/20 08:15:00,16.131,6.656,6.976,,
12/05/20 08:30:00,16.874,7.165,7.542,,
12/05/20 08:45:00,17.843,7.899,8.427,,
12/05/20 09:00:00,17.721,8.402,9.019,20.740,19.329
12/05/20 09:15:00,17.187,8.703,9.478,,
12/05/20 09:30:00,16.865,9.106,9.829,,
12/05/20 09:45:00,16.449,9.267,9.761,,
12/05/20 10:00:00,16.003,9.447,9.920,18.307,17.244
12/05/20 10:15:00,15.749,9.717,10.256,,
12/05/20 10:30:00,15.630,10.109,10.762,,
12/05/20 10:45:00,15.666,10.574,11.367,,
12/05/20 11:00:00,15.703,11.003,11.789,17.347,16.939
12/05/20 11:15:00,15.836,11.463,12.313,,
12/05/20 11:30:00,15.891,11.842,12.488,,
12/05/20 11:45:00,15.697,12.028,12.426,,
12/05/20 12:00:00,15.326,11.950,11.978,16.301,14.912
12/05/20 12:15:00,14.992,11.674,11.362,,
12/05/20 12:30:00,14.907,11.525,11.062,,
12/05/20 12:45:00,14.916,11.674,11.198,,
12/05/20 13:00:00,15.173,12.007,11.751,15.997,15.052
12/05/20 13:15:00,15.852,13.260,12.745,,
12/05/20 13:30:00,16.168,13.655,13.114,,
12/05/20 13:45:00,15.813,13.867,13.055,,
12/05/20 14:00:00,15.534,14.396,12.903,15.643,15.323
12/05/20 14:15:00,15.273,14.725,12.722,,
12/05/20 14:30:00,15.302,15.676,13.011,,
12/05/20 14:45:00,15.467,16.000,13.383,,
12/05/20 15:00:00,15.221,15.269,13.189,15.472,13.367
12/05/20 15:15:00,14.764,14.466,12.698,,
12/05/20 15:30:00,14.147,13.638,12.001,,
12/05/20 15:45:00,13.614,12.990,11.522,,
12/05/20 16:00:00,13.407,12.595,11.390,13.130,12.892
12/05/20 16:15:00,13.434,12.402,11.406,,
12/05/20 16:30:00,13.485,12.821,11.613,,
12/05/20 16:45:00,13.365,12.739,11.511,,
12/05/20 17:00:00,13.078,12.382,11.254,12.925,11.966
12/05/20 17:15:00,12.720,11.833,10.849,,
12/05/20 17:30:00,12.329,11.289,10.415,,
12/05/20 17:45:00,11.945,10.945,10.001,,
12/05/20 18:00:00,11.531,10.473,9.551,11.554,10.484
12/05/20 18:15:00,11.093,9.946,9.087,,
12/05/20 18:30:00,10.689,9.520,8.722,,
12/05/20 18:45:00,10.386,9.216,8.458,,
12/05/20 19:00:00,10.135,8.965,8.221,10.225,9.677
12/05/20 19:15:00,9.932,8.778,8.056,,
12/05/20 19:30:00,9.751,8.598,7.895,,
12/05/20 19:45:00,9.569,8.419,7.726,,
12/05/20 20:00:00,9.404,8.257,7.592,9.520,9.132
12/05/20 20:15:00,9.257,8.109,7.476,,
12/05/20 20:30:00,9.159,7.987,7.381,,
12/05/20 20:45:00,9.083,7.888,7.299,,
12/05/20 21:00:00,9.009,7.791,7.195,9.019,8.559
12/05/20 21:15:00,8.892,7.654,7.037,,
12/05/20 21:30:00,8.737,7.486,6.883,,
12/05/20 21:45:00,8.571,7.299,6.753,,
12/05/20 22:00:00,8.419,7.124,6.626,8.400,8.004
12/05/20 22:15:00,8.260,6.955,6.479,,
12/05/20 22:30:00,8.099,6.789,6.344,,
12/05/20 22:45:00,7.982,6.683,6.256,,
12/05/20 23:00:00,7.882,6.620,6.182,7.909,7.613
12/05/20 23:15:00,7.782,6.550,6.102,,
12/05/20 23:30:00,7.694,6.487,6.024,,
12/05/20 23:45:00,7.607,6.417,5.950,,
12/06/20 00:00:00,7.517,6.325,5.853,7.498,7.105
12/06/20 00:15:00,7.426,6.213,5.754,,
12/06/20 00:30:00,7.318,6.097,5.666,,
12/06/20 00:45:00,7.182,5.987,5.560,,
12/06/20 01:00:00,7.048,5.898,5.460,6.979,6.411
12/06/20 01:15:00,6.887,5.805,5.356,,
12/06/20 01:30:00,6.707,5.655,5.203,,
12/06/20 01:45:00,6.479,5.424,4.937,,
12/06/20 02:00:00,6.226,5.160,4.660,6.143,5.762
12/06/20 02:15:00,6.022,4.960,4.485,,
12/06/20 02:30:00,5.931,4.861,4.447,,
12/06/20 02:45:00,5.856,4.788,4.368,,
12/06/20 03:00:00,5.709,4.683,4.193,5.520,4.730
12/06/20 03:15:00,5.499,4.446,3.904,,
12/06/20 03:30:00,5.271,4.190,3.640,,
12/06/20 03:45:00,5.082,3.974,3.421,,
12/06/20 04:00:00,4.937,3.824,3.271,4.566,4.059
12/06/20 04:15:00,4.783,3.676,3.120,,
12/06/20 04:30:00,4.637,3.546,2.979,,
12/06/20 04:45:00,4.480,3.388,2.801,,
12/06/20 05:00:00,4.276,3.183,2.568,4.514,3.623
12/06/20 05:15:00,4.082,2.993,2.389,,
12/06/20 05:30:00,4.139,2.911,2.344,,
12/06/20 05:45:00,4.819,2.944,2.436,,
12/06/20 06:00:00,5.871,3.042,2.598,10.809,5.751
12/06/20 06:15:00,7.523,3.223,2.845,,
12/06/20 06:30:00,9.123,3.444,3.137,,
12/06/20 06:45:00,9.912,3.643,3.441,,
12/06/20 07:00:00,10.620,3.907,3.830,17.103,11.878
12/06/20 07:15:00,11.525,4.210,4.234,,
12/06/20 07:30:00,13.048,4.573,4.717,,
12/06/20 07:45:00,14.563,4.953,5.229,,
12/06/20 08:00:00,15.804,5.369,5.741,21.536,18.644
12/06/20 08:15:00,16.872,5.811,6.240,,
12/06/20 08:30:00,17.647,6.207,6.674,,
12/06/20 08:45:00,18.396,6.595,7.187,,
12/06/20 09:00:00,18.222,6.996,7.743,23.442,22.236
12/06/20 09:15:00,17.953,7.577,8.447,,
12/06/20 09:30:00,17.879,8.240,9.214,,
12/06/20 09:45:00,17.347,8.666,9.617,,
12/06/20 10:00:00,17.222,9.222,10.250,21.651,20.656
12/06/20 10:15:00,17.558,9.875,10.979,,
12/06/20 10:30:00,17.598,10.250,11.359,,
12/06/20 10:45:00,17.550,10.687,11.578,,
12/06/20 11:00:00,18.039,11.388,12.148,20.688,20.491
12/06/20 11:15:00,18.675,12.077,12.710,,
12/06/20 11:30:00,19.074,12.677,13.433,,
12/06/20 11:45:00,19.304,13.192,14.056,,
12/06/20 12:00:00,19.286,13.619,14.448,20.780,20.522
12/06/20 12:15:00,19.659,14.382,15.214,,
12/06/20 12:30:00,19.711,15.009,15.515,,
12/06/20 12:45:00,19.897,16.287,16.178,,
12/06/20 13:00:00,19.558,15.854,15.688,20.372,19.261
12/06/20 13:15:00,19.184,15.405,15.388,,
12/06/20 13:30:00,18.998,15.387,15.357,,
12/06/20 13:45:00,18.531,15.019,15.085,,
12/06/20 14:00:00,17.699,14.054,14.244,18.515,15.919
12/06/20 14:15:00,16.201,12.485,13.127,,
12/06/20 14:30:00,15.109,11.321,12.204,,
12/06/20 14:45:00,14.402,10.576,11.517,,
12/06/20 15:00:00,13.823,9.940,10.962,15.278,13.742
12/06/20 15:15:00,13.303,9.498,10.472,,
12/06/20 15:30:00,12.838,9.171,10.038,,
12/06/20 15:45:00,12.514,8.956,9.743,,
12/06/20 16:00:00,12.158,8.737,9.423,13.342,12.328
12/06/20 16:15:00,11.813,8.556,9.165,,
12/06/20 16:30:00,11.507,8.417,8.968,,
12/06/20 16:45:00,11.238,8.288,8.778,,
12/06/20 17:00:00,10.986,8.162,8.588,12.069,11.377
12/06/20 17:15:00,10.750,8.035,8.408,,
12/06/20 17:30:00,10.539,7.751,8.212,,
12/06/20 17:45:00,10.369,7.538,8.070,,
12/06/20 18:00:00,10.237,7.387,7.962,11.218,10.770
12/06/20 18:15:00,10.148,7.294,7.893,,
12/06/20 18:30:00,10.041,7.190,7.791,,
12/06/20 18:45:00,9.888,7.056,7.647,,
12/06/20 19:00:00,9.783,6.980,7.569,10.620,9.250
12/06/20 19:15:00,9.577,6.856,7.330,,
12/06/20 19:30:00,9.362,6.734,7.129,,
12/06/20 19:45:00,9.203,6.612,6.936,,
12/06/20 20:00:00,9.077,6.480,6.805,8.947,8.525
12/06/20 20:15:00,8.961,6.372,6.694,,
12/06/20 20:30:00,8.781,6.247,6.533,,
12/06/20 20:45:00,8.582,6.102,6.363,,
12/06/20 21:00:00,8.403,5.966,6.205,8.375,7.876
12/06/20 21:15:00,8.219,5.824,6.051,,
12/06/20 21:30:00,8.076,5.709,5.931,,
12/06/20 21:45:00,7.934,5.590,5.808,,
12/06/20 22:00:00,7.774,5.467,5.677,7.699,7.146
12/06/20 22:15:00,7.596,5.335,5.528,,
12/06/20 22:30:00,7.423,5.203,5.375,,
12/06/20 22:45:00,7.275,5.060,5.222,,
12/06/20 23:00:00,7.129,4.898,5.074,6.987,6.449
12/06/20 23:15:00,6.950,4.718,4.898,,
12/06/20 23:30:00,6.791,4.548,4.738,,
12/06/20 23:45:00,6.614,4.381,4.569,,
12/07/20 00:00:00,6.460,4.239,4.423,6.253,5.886
12/07/20 00:15:00,6.333,4.144,4.309,,
12/07/20 00:30:00,6.245,4.108,4.252,,
12/07/20 00:45:00,6.182,4.089,4.216,,
12/07/20 01:00:00,6.116,4.051,4.157,5.803,5.584
12/07/20 01:15:00,6.037,3.987,4.061,,
12/07/20 01:30:00,5.965,3.950,4.012,,
12/07/20 01:45:00,5.931,3.958,4.030,,
12/07/20 02:00:00,5.880,3.958,4.023,5.513,5.309
12/07/20 02:15:00,5.799,3.915,3.981,,
12/07/20 02:30:00,5.727,3.866,3.940,,
12/07/20 02:45:00,5.619,3.794,3.889,,
12/07/20 03:00:00,5.538,3.750,3.848,5.251,5.002
12/07/20 03:15:00,5.491,3.753,3.814,,
12/07/20 03:30:00,5.441,3.732,3.768,,
12/07/20 03:45:00,5.329,3.648,3.618,,
12/07/20 04:00:00,5.181,3.497,3.431,4.819,4.249
12/07/20 04:15:00,5.031,3.337,3.238,,
12/07/20 04:30:00,4.884,3.190,3.065,,
12/07/20 04:45:00,4.740,3.059,2.916,,
12/07/20 05:00:00,4.607,2.943,2.791,5.317,3.956
12/07/20 05:15:00,4.499,2.850,2.700,,
12/07/20 05:30:00,4.629,2.806,2.682,,
12/07/20 05:45:00,5.759,2.853,2.767,,
12/07/20 06:00:00,6.875,2.923,2.893,7.815,6.648
12/07/20 06:15:00,7.687,3.024,3.041,,
12/07/20 06:30:00,7.682,3.069,3.173,,
12/07/20 06:45:00,7.494,3.310,3.477,,
12/07/20 07:00:00,7.343,3.650,3.830,7.832,7.501
12/07/20 07:15:00,7.344,4.038,4.249,,
12/07/20 07:30:00,7.523,4.439,4.655,,
12/07/20 07:45:00,7.865,4.874,5.113,,
12/07/20 08:00:00,8.560,5.377,5.728,14.200,8.640
12/07/20 08:15:00,9.535,5.794,6.342,,
12/07/20 08:30:00,11.137,6.083,6.807,,
12/07/20 08:45:00,12.740,6.283,7.015,,
12/07/20 09:00:00,13.320,6.517,7.286,18.812,15.804
12/07/20 09:15:00,13.237,6.846,7.646,,
12/07/20 09:30:00,13.362,7.337,8.184,,
12/07/20 09:45:00,13.687,7.821,8.674,,
12/07/20 10:00:00,14.099,8.369,9.311,19.993,19.279
12/07/20 10:15:00,14.753,8.926,9.943,,
12/07/20 10:30:00,15.243,9.234,10.208,,
12/07/20 10:45:00,15.661,9.574,10.551,,
12/07/20 11:00:00,16.210,10.058,11.110,19.245,19.145
12/07/20 11:15:00,16.749,10.602,11.643,,
12/07/20 11:30:00,17.394,11.137,12.143,,
12/07/20 11:45:00,17.941,11.674,12.594,,
12/07/20 12:00:00,18.386,12.396,13.181,19.512,18.913
12/07/20 12:15:00,18.228,12.837,13.805,,
12/07/20 12:30:00,17.709,12.963,14.135,,
12/07/20 12:45:00,17.254,13.094,14.279,,
12/07/20 13:00:00,17.358,14.156,14.865,19.201,18.683
12/07/20 13:15:00,17.876,15.979,15.634,,
12/07/20 13:30:00,18.151,16.347,15.679,,
12/07/20 13:45:00,17.636,15.415,14.954,,
12/07/20 14:00:00,17.241,15.393,14.753,18.296,15.959
12/07/20 14:15:00,16.519,14.554,14.081,,
12/07/20 14:30:00,15.440,13.227,13.117,,
12/07/20 14:45:00,14.707,12.263,12.370,,
12/07/20 15:00:00,14.297,11.754,11.956,15.424,14.331
12/07/20 15:15:00,13.961,11.394,11.607,,
12/07/20 15:30:00,13.613,11.055,11.291,,
12/07/20 15:45:00,13.345,10.803,11.064,,
12/07/20 16:00:00,13.111,10.605,10.869,14.030,13.046
12/07/20 16:15:00,12.852,10.384,10.640,,
12/07/20 16:30:00,12.514,10.041,10.273,,
12/07/20 16:45:00,12.118,9.695,9.917,,
12/07/20 17:00:00,11.746,9.392,9.577,12.663,11.435
12/07/20 17:15:00,11.364,9.060,9.193,,
12/07/20 17:30:00,10.971,8.739,8.840,,
12/07/20 17:45:00,10.615,8.431,8.509,,
12/07/20 18:00:00,10.243,8.112,8.154,11.027,9.993
12/07/20 18:15:00,9.901,7.881,7.859,,
12/07/20 18:30:00,9.603,7.640,7.599,,
12/07/20 18:45:00,9.325,7.414,7.366,,
12/07/20 19:00:00,9.081,7.211,7.159,9.732,9.055
12/07/20 19:15:00,8.866,7.025,6.968,,
12/07/20 19:30:00,8.678,6.859,6.800,,
12/07/20 19:45:00,8.526,6.720,6.667,,
12/07/20 20:00:00,8.391,6.588,6.541,8.874,8.307
12/07/20 20:15:00,8.254,6.458,6.422,,
12/07/20 20:30:00,8.109,6.323,6.282,,
12/07/20 20:45:00,7.945,6.180,6.126,,
12/07/20 21:00:00,7.766,6.033,5.957,8.101,7.478
12/07/20 21:15:00,7.558,5.879,5.768,,
12/07/20 21:30:00,7.357,5.727,5.597,,
12/07/20 21:45:00,7.157,5.578,5.435,,
12/07/20 22:00:00,6.943,5.419,5.260,7.261,6.644
12/07/20 22:15:00,6.707,5.237,5.074,,
12/07/20 22:30:00,6.479,5.063,4.926,,
12/07/20 22:45:00,6.290,4.926,4.825,,
12/07/20 23:00:00,6.147,4.814,4.753,6.512,5.910
12/07/20 23:15:00,6.021,4.710,4.650,,
12/07/20 23:30:00,5.888,4.576,4.475,,
12/07/20 23:45:00,5.727,4.402,4.254,,
12/08/20 00:00:00,5.555,4.226,4.066,5.696,4.945
12/08/20 00:15:00,5.334,4.007,3.843,,
12/08/20 00:30:00,5.139,3.789,3.645,,
12/08/20 00:45:00,4.939,3.576,3.418,,
12/08/20 01:00:00,4.720,3.356,3.158,4.675,4.095
12/08/20 01:15:00,4.532,3.163,2.933,,
12/08/20 01:30:00,4.381,3.019,2.801,,
12/08/20 01:45:00,4.218,2.860,2.665,,
12/08/20 02:00:00,4.043,2.697,2.525,3.935,3.510
12/08/20 02:15:00,3.879,2.553,2.389,,
12/08/20 02:30:00,3.745,2.451,2.291,,
12/08/20 02:45:00,3.602,2.339,2.140,,
12/08/20 03:00:00,3.449,2.202,1.975,3.332,2.692
12/08/20 03:15:00,3.310,2.067,1.818,,
12/08/20 03:30:00,3.130,1.884,1.598,,
12/08/20 03:45:00,2.939,1.683,1.384,,
12/08/20 04:00:00,2.758,1.501,1.202,2.488,2.064
12/08/20 04:15:00,2.572,1.325,1.008,,
12/08/20 04:30:00,2.419,1.189,0.865,,
12/08/20 04:45:00,2.302,1.076,0.771,,
12/08/20 05:00:00,2.180,0.980,0.677,2.523,1.862
12/08/20 05:15:00,2.094,0.924,0.632,,
12/08/20 05:30:00,2.277,0.937,0.682,,
12/08/20 05:45:00,2.903,1.049,0.855,,
12/08/20 06:00:00,4.451,1.229,1.072,10.485,4.337
12/08/20 06:15:00,6.147,1.440,1.349,,
12/08/20 06:30:00,7.738,1.691,1.679,,
12/08/20 06:45:00,9.296,1.966,2.045,,
12/08/20 07:00:00,10.872,2.269,2.445,18.131,12.473
12/08/20 07:15:00,12.493,2.607,2.886,,
12/08/20 07:30:00,13.943,2.949,3.345,,
12/08/20 07:45:00,15.121,3.282,3.784,,
12/08/20 08:00:00,16.232,3.625,4.236,22.685,19.532
12/08/20 08:15:00,17.205,3.984,4.707,,
12/08/20 08:30:00,18.118,4.374,5.198,,
12/08/20 08:45:00,18.953,4.790,5.709,,
12/08/20 09:00:00,18.894,5.239,6.274,24.140,23.366
12/08/20 09:15:00,18.063,5.712,6.870,,
12/08/20 09:30:00,17.494,6.196,7.489,,
12/08/20 09:45:00,17.080,6.710,8.115,,
12/08/20 10:00:00,16.880,7.193,8.689,23.729,22.699
12/08/20 10:15:00,16.996,7.683,9.200,,
12/08/20 10:30:00,17.220,8.213,9.805,,
12/08/20 10:45:00,17.452,8.722,10.403,,
12/08/20 11:00:00,17.755,9.256,10.916,21.942,20.899
12/08/20 11:15:00,18.047,9.811,11.469,,
12/08/20 11:30:00,18.172,10.286,11.956,,
12/08/20 11:45:00,18.354,10.764,12.369,,
12/08/20 12:00:00,18.597,11.244,12.904,20.835,20.576
12/08/20 12:15:00,18.634,11.713,13.409,,
12/08/20 12:30:00,18.713,12.465,13.955,,
12/08/20 12:45:00,18.812,13.672,14.477,,
12/08/20 13:00:00,18.901,14.924,15.118,20.857,20.761
12/08/20 13:15:00,18.869,16.064,15.625,,
12/08/20 13:30:00,18.869,17.448,16.158,,
12/08/20 13:45:00,18.916,18.160,16.570,,
12/08/20 14:00:00,18.577,17.968,16.502,20.385,19.692
12/08/20 14:15:00,18.427,18.763,16.795,,
12/08/20 14:30:00,18.323,19.341,16.851,,
12/08/20 14:45:00,18.111,19.674,16.560,,
12/08/20 15:00:00,17.803,19.877,16.158,19.209,17.938
12/08/20 15:15:00,17.497,20.184,15.874,,
12/08/20 15:30:00,17.234,20.548,15.634,,
12/08/20 15:45:00,16.948,20.698,15.330,,
12/08/20 16:00:00,16.606,20.780,14.961,17.477,16.171
12/08/20 16:15:00,16.237,20.761,14.575,,
12/08/20 16:30:00,15.885,20.817,14.258,,
12/08/20 16:45:00,15.531,21.021,14.030,,
12/08/20 17:00:00,15.188,21.218,13.852,15.795,14.550
12/08/20 17:15:00,14.836,21.287,13.571,,
12/08/20 17:30:00,14.405,21.012,13.035,,
12/08/20 17:45:00,13.909,20.274,12.402,,
12/08/20 18:00:00,13.351,18.824,11.690,14.011,12.231
12/08/20 18:15:00,12.707,16.829,10.913,,
12/08/20 18:30:00,12.093,15.167,10.221,,
12/08/20 18:45:00,11.542,13.897,9.631,,
12/08/20 19:00:00,11.078,12.906,9.118,11.718,10.420
12/08/20 19:15:00,10.644,12.090,8.669,,
12/08/20 19:30:00,10.245,11.388,8.254,,
12/08/20 19:45:00,9.878,10.789,7.884,,
12/08/20 20:00:00,9.534,10.260,7.539,10.049,9.067
12/08/20 20:15:00,9.213,9.789,7.225,,
12/08/20 20:30:00,8.919,9.367,6.938,,
12/08/20 20:45:00,8.650,8.985,6.677,,
12/08/20 21:00:00,8.397,8.633,6.423,8.779,7.985
12/08/20 21:15:00,8.145,8.308,6.185,,
12/08/20 21:30:00,7.921,8.003,5.963,,
12/08/20 21:45:00,7.679,7.702,5.733,,
12/08/20 22:00:00,7.426,7.409,5.504,7.726,6.977
12/08/20 22:15:00,7.192,7.133,5.295,,
12/08/20 22:30:00,6.939,6.857,5.068,,
12/08/20 22:45:00,6.696,6.585,4.846,,
12/08/20 23:00:00,6.453,6.322,4.621,6.728,5.923
12/08/20 23:15:00,6.236,6.065,4.420,,
12/08/20 23:30:00,6.030,5.810,4.203,,
12/08/20 23:45:00,5.786,5.509,3.922,,
12/09/20 00:00:00,5.558,5.245,3.699,5.659,4.824
12/09/20 00:15:00,5.325,4.977,3.454,,
12/09/20 00:30:00,5.089,4.702,3.176,,
12/09/20 00:45:00,4.876,4.460,2.969,,
12/09/20 01:00:00,4.659,4.218,2.753,4.595,3.937
12/09/20 01:15:00,4.470,4.010,2.583,,
12/09/20 01:30:00,4.265,3.768,2.368,,
12/09/20 01:45:00,4.081,3.546,2.180,,
12/09/20 02:00:00,3.904,3.345,1.993,3.732,3.269
12/09/20 02:15:00,3.773,3.203,1.879,,
12/09/20 02:30:00,3.636,3.051,1.744,,
12/09/20 02:45:00,3.507,2.908,1.622,,
12/09/20 03:00:00,3.345,2.712,1.437,3.089,2.260
12/09/20 03:15:00,3.140,2.498,1.199,,
12/09/20 03:30:00,2.885,2.200,0.907,,
12/09/20 03:45:00,2.647,1.936,0.651,,
12/09/20 04:00:00,2.418,1.700,0.420,1.988,1.490
12/09/20 04:15:00,2.232,1.520,0.263,,
12/09/20 04:30:00,2.093,1.398,0.169,,
12/09/20 04:45:00,1.934,1.257,0.025,,
12/09/20 05:00:00,1.771,1.100,-0.126,2.808,1.207
12/09/20 05:15:00,1.646,0.987,-0.219,,
12/09/20 05:30:00,1.835,0.907,-0.259,,
12/09/20 05:45:00,3.140,0.919,-0.182,,
12/09/20 06:00:00,4.806,1.018,0.004,10.113,4.592
12/09/20 06:15:00,6.434,1.170,0.266,,
12/09/20 06:30:00,7.973,1.388,0.601,,
12/09/20 06:45:00,9.608,1.703,1.023,,
12/09/20 07:00:00,11.189,2.047,1.466,17.660,12.292
12/09/20 07:15:00,12.677,2.418,1.946,,
12/09/20 07:30:00,14.041,2.815,2.478,,
12/09/20 07:45:00,15.305,3.238,3.036,,
12/09/20 08:00:00,16.485,3.653,3.607,22.383,19.086
12/09/20 08:15:00,17.555,4.063,4.195,,
12/09/20 08:30:00,18.470,4.493,4.811,,
12/09/20 08:45:00,19.276,4.947,5.415,,
12/09/20 09:00:00,19.349,5.398,6.040,24.354,23.046
12/09/20 09:15:00,18.603,5.866,6.647,,
12/09/20 09:30:00,18.115,6.334,7.255,,
12/09/20 09:45:00,17.946,6.819,7.890,,
12/09/20 10:00:00,17.971,7.377,8.512,24.398,23.274
12/09/20 10:15:00,18.219,7.942,9.121,,
12/09/20 10:30:00,18.467,8.497,9.714,,
12/09/20 10:45:00,18.735,9.055,10.303,,
12/09/20 11:00:00,18.999,9.611,10.852,22.441,21.176
12/09/20 11:15:00,19.300,10.188,11.403,,
12/09/20 11:30:00,19.527,10.754,11.884,,
12/09/20 11:45:00,19.713,11.330,12.417,,
12/09/20 12:00:00,19.845,11.900,12.951,20.977,20.562
12/09/20 12:15:00,19.951,12.325,13.403,,
12/09/20 12:30:00,20.065,12.975,13.915,,
12/09/20 12:45:00,19.900,13.987,14.336,,
12/09/20 13:00:00,19.683,14.723,14.466,20.241,19.918
12/09/20 13:15:00,19.653,16.035,14.856,,
12/09/20 13:30:00,19.731,17.353,15.267,,
12/09/20 13:45:00,19.816,18.298,15.546,,
12/09/20 14:00:00,19.729,18.892,15.845,19.902,19.343
12/09/20 14:15:00,19.530,19.402,16.067,,
12/09/20 14:30:00,19.194,19.836,16.049,,
12/09/20 14:45:00,18.901,20.348,15.977,,
12/09/20 15:00:00,18.588,20.750,15.851,18.976,17.761
12/09/20 15:15:00,18.261,20.941,15.630,,
12/09/20 15:30:00,17.895,21.084,15.370,,
12/09/20 15:45:00,17.509,21.139,15.045,,
12/09/20 16:00:00,17.101,21.158,14.698,17.312,15.955
12/09/20 16:15:00,16.688,21.130,14.343,,
12/09/20 16:30:00,16.257,21.045,13.942,,
12/09/20 16:45:00,15.807,21.024,13.611,,
12/09/20 17:00:00,15.329,20.889,13.198,15.476,14.014
12/09/20 17:15:00,14.852,20.664,12.683,,
12/09/20 17:30:00,14.355,20.317,12.118,,
12/09/20 17:45:00,13.850,19.710,11.526,,
12/09/20 18:00:00,13.312,18.680,10.889,13.473,11.746
12/09/20 18:15:00,12.723,17.034,10.222,,
12/09/20 18:30:00,12.172,15.358,9.614,,
12/09/20 18:45:00,11.640,14.017,9.046,,
12/09/20 19:00:00,11.096,12.910,8.506,11.218,9.761
12/09/20 19:15:00,10.573,11.969,8.010,,
12/09/20 19:30:00,10.073,11.146,7.538,,
12/09/20 19:45:00,9.624,10.455,7.113,,
12/09/20 20:00:00,9.206,9.863,6.704,9.338,8.195
12/09/20 20:15:00,8.826,9.349,6.326,,
12/09/20 20:30:00,8.444,8.844,5.955,,
12/09/20 20:45:00,8.088,8.378,5.622,,
12/09/20 21:00:00,7.788,7.981,5.346,7.867,6.889
12/09/20 21:15:00,7.454,7.567,5.031,,
12/09/20 21:30:00,7.111,7.165,4.717,,
12/09/20 21:45:00,6.789,6.788,4.412,,
12/09/20 22:00:00,6.504,6.441,4.146,6.577,5.821
12/09/20 22:15:00,6.267,6.151,3.933,,
12/09/20 22:30:00,6.041,5.879,3.722,,
12/09/20 22:45:00,5.835,5.635,3.548,,
12/09/20 23:00:00,5.573,5.327,3.271,5.554,4.678
12/09/20 23:15:00,5.276,4.950,2.926,,
12/09/20 23:30:00,5.005,4.642,2.663,,
12/09/20 23:45:00,4.783,4.397,2.473,,
12/10/20 00:00:00,4.521,4.086,2.218,4.408,3.480
12/10/20 00:15:00,4.245,3.765,1.928,,
12/10/20 00:30:00,3.968,3.457,1.644,,
12/10/20 00:45:00,3.706,3.158,1.383,,
12/10/20 01:00:00,3.497,2.951,1.231,3.264,2.530
12/10/20 01:15:00,3.277,2.717,1.016,,
12/10/20 01:30:00,3.041,2.471,0.785,,
12/10/20 01:45:00,2.798,2.203,0.544,,
12/10/20 02:00:00,2.555,1.933,0.292,2.249,1.651
12/10/20 02:15:00,2.351,1.727,0.143,,
12/10/20 02:30:00,2.156,1.527,-0.005,,
12/10/20 02:45:00,1.970,1.328,-0.170,,
12/10/20 03:00:00,1.774,1.125,-0.334,1.464,0.828
12/10/20 03:15:00,1.571,0.919,-0.501,,
12/10/20 03:30:00,1.355,0.720,-0.699,,
12/10/20 03:45:00,1.144,0.487,-0.914,,
12/10/20 04:00:00,1.014,0.375,-0.964,0.689,0.230
12/10/20 04:15:00,0.925,0.302,-0.974,,
12/10/20 04:30:00,0.766,0.176,-1.129,,
12/10/20 04:45:00,0.508,-0.020,-1.390,,
12/10/20 05:00:00,0.321,-0.196,-1.579,0.423,-0.126
12/10/20 05:15:00,0.209,-0.364,-1.719,,
12/10/20 05:30:00,0.271,-0.439,-1.732,,
12/10/20 05:45:00,0.739,-0.415,-1.640,,
12/10/20 06:00:00,1.561,-0.318,-1.477,5.882,1.272
12/10/20 06:15:00,2.710,-0.072,-1.164,,
12/10/20 06:30:00,4.097,0.244,-0.752,,
12/10/20 06:45:00,5.744,0.677,-0.228,,
12/10/20 07:00:00,7.291,1.124,0.295,13.162,7.813
12/10/20 07:15:00,8.608,1.564,0.811,,
12/10/20 07:30:00,9.987,2.039,1.403,,
12/10/20 07:45:00,11.397,2.553,2.116,,
12/10/20 08:00:00,12.592,3.062,2.826,17.998,14.741
12/10/20 08:15:00,13.645,3.553,3.508,,
12/10/20 08:30:00,14.539,4.017,4.118,,
12/10/20 08:45:00,15.351,4.483,4.730,,
12/10/20 09:00:00,15.942,5.024,5.404,21.724,19.193
12/10/20 09:15:00,15.721,5.584,6.213,,
12/10/20 09:30:00,15.622,6.110,7.029,,
12/10/20 09:45:00,15.687,6.679,7.874,,
12/10/20 10:00:00,15.861,7.230,8.596,22.318,21.999
12/10/20 10:15:00,16.315,7.827,9.228,,
12/10/20 10:30:00,16.923,8.452,9.821,,
12/10/20 10:45:00,17.507,9.061,10.536,,
12/10/20 11:00:00,17.907,9.703,11.368,21.697,21.258
12/10/20 11:15:00,18.188,10.365,12.062,,
12/10/20 11:30:00,18.436,11.026,12.766,,
12/10/20 11:45:00,18.604,11.589,13.333,,
12/10/20 12:00:00,18.727,12.177,13.879,21.102,20.850
12/10/20 12:15:00,18.825,12.772,14.430,,
12/10/20 12:30:00,18.940,13.520,15.015,,
12/10/20 12:45:00,18.973,14.280,15.431,,
12/10/20 13:00:00,19.081,15.015,15.783,20.759,20.469
12/10/20 13:15:00,19.127,15.411,15.921,,
12/10/20 13:30:00,19.077,15.770,16.044,,
12/10/20 13:45:00,18.817,15.728,15.925,,
12/10/20 14:00:00,18.487,15.611,15.745,20.178,19.097
12/10/20 14:15:00,18.137,15.427,15.537,,
12/10/20 14:30:00,17.799,15.260,15.334,,
12/10/20 14:45:00,17.445,15.046,15.072,,
12/10/20 15:00:00,17.092,14.837,14.804,18.687,17.356
12/10/20 15:15:00,16.717,14.680,14.495,,
12/10/20 15:30:00,16.339,14.520,14.179,,
12/10/20 15:45:00,15.946,14.194,13.819,,
12/10/20 16:00:00,15.499,13.685,13.341,16.868,15.245
12/10/20 16:15:00,15.021,13.178,12.849,,
12/10/20 16:30:00,14.503,12.647,12.316,,
12/10/20 16:45:00,13.984,12.134,11.775,,
12/10/20 17:00:00,13.454,11.596,11.227,14.662,12.853
12/10/20 17:15:00,12.904,11.035,10.657,,
12/10/20 17:30:00,12.341,10.453,10.067,,
12/10/20 17:45:00,11.798,9.891,9.509,,
12/10/20 18:00:00,11.274,9.362,8.976,12.290,10.809
12/10/20 18:15:00,10.783,8.897,8.479,,
12/10/20 18:30:00,10.360,8.493,8.043,,
12/10/20 18:45:00,9.912,8.062,7.599,,
12/10/20 19:00:00,9.475,7.658,7.195,10.352,9.211
12/10/20 19:15:00,9.092,7.308,6.837,,
12/10/20 19:30:00,8.762,7.004,6.522,,
12/10/20 19:45:00,8.470,6.731,6.242,,
12/10/20 20:00:00,8.232,6.480,6.001,8.909,8.038
12/10/20 20:15:00,7.990,6.228,5.752,,
12/10/20 20:30:00,7.741,5.992,5.505,,
12/10/20 20:45:00,7.472,5.746,5.243,,
12/10/20 21:00:00,7.212,5.509,5.003,7.752,6.963
12/10/20 21:15:00,6.973,5.295,4.795,,
12/10/20 21:30:00,6.759,5.074,4.587,,
12/10/20 21:45:00,6.530,4.816,4.340,,
12/10/20 22:00:00,6.318,4.602,4.153,6.717,5.998
12/10/20 22:15:00,6.089,4.402,3.937,,
12/10/20 22:30:00,5.816,4.166,3.661,,
12/10/20 22:45:00,5.586,3.953,3.441,,
12/10/20 23:00:00,5.366,3.738,3.224,5.759,5.039
12/10/20 23:15:00,5.173,3.541,3.029,,
12/10/20 23:30:00,4.974,3.348,2.836,,
12/10/20 23:45:00,4.744,3.130,2.622,,
12/11/20 00:00:00,4.527,2.918,2.426,4.803,4.252
12/11/20 00:15:00,4.338,2.728,2.257,,
12/11/20 00:30:00,4.161,2.568,2.133,,
12/11/20 00:45:00,3.971,2.416,2.007,,
12/11/20 01:00:00,3.814,2.272,1.863,4.086,3.418
12/11/20 01:15:00,3.620,2.086,1.654,,
12/11/20 01:30:00,3.409,1.884,1.447,,
12/11/20 01:45:00,3.181,1.669,1.194,,
12/11/20 02:00:00,2.978,1.469,0.960,3.128,2.538
12/11/20 02:15:00,2.806,1.311,0.809,,
12/11/20 02:30:00,2.657,1.190,0.684,,
12/11/20 02:45:00,2.473,1.066,0.503,,
12/11/20 03:00:00,2.294,0.963,0.356,2.343,1.733
12/11/20 03:15:00,2.146,0.864,0.218,,
12/11/20 03:30:00,1.988,0.716,0.041,,
12/11/20 03:45:00,1.826,0.549,-0.142,,
12/11/20 04:00:00,1.646,0.380,-0.332,1.518,0.845
12/11/20 04:15:00,1.435,0.145,-0.571,,
12/11/20 04:30:00,1.235,-0.074,-0.764,,
12/11/20 04:45:00,1.102,-0.191,-0.851,,
12/11/20 05:00:00,0.982,-0.287,-0.930,0.960,0.647
12/11/20 05:15:00,0.881,-0.381,-0.976,,
12/11/20 05:30:00,0.891,-0.443,-0.997,,
12/11/20 05:45:00,1.154,-0.467,-0.999,,
12/11/20 06:00:00,2.207,-0.357,-0.826,9.407,2.093
12/11/20 06:15:00,4.301,-0.093,-0.492,,
12/11/20 06:30:00,6.407,0.228,-0.099,,
12/11/20 06:45:00,8.311,0.577,0.315,,
12/11/20 07:00:00,10.064,0.955,0.769,17.122,11.661
12/11/20 07:15:00,11.668,1.372,1.296,,
12/11/20 07:30:00,13.073,1.825,1.867,,
12/11/20 07:45:00,14.406,2.291,2.481,,
12/11/20 08:00:00,15.673,2.772,3.113,22.133,18.635
12/11/20 08:15:00,16.856,3.266,3.763,,
12/11/20 08:30:00,17.903,3.750,4.360,,
12/11/20 08:45:00,18.869,4.260,5.002,,
12/11/20 09:00:00,19.190,4.787,5.640,24.306,22.865
12/11/20 09:15:00,18.613,5.313,6.312,,
12/11/20 09:30:00,18.108,5.847,7.004,,
12/11/20 09:45:00,17.943,6.358,7.644,,
12/11/20 10:00:00,17.944,6.887,8.232,24.401,23.282
12/11/20 10:15:00,18.084,7.381,8.773,,
12/11/20 10:30:00,18.314,7.849,9.319,,
12/11/20 10:45:00,18.607,8.366,9.837,,
12/11/20 11:00:00,18.892,8.939,10.392,22.366,21.018
12/11/20 11:15:00,19.097,9.515,10.924,,
12/11/20 11:30:00,19.309,10.132,11.490,,
12/11/20 11:45:00,19.346,10.742,12.022,,
12/11/20 12:00:00,19.600,11.312,12.514,20.834,20.582
12/11/20 12:15:00,19.813,11.930,13.026,,
12/11/20 12:30:00,19.991,12.891,13.660,,
12/11/20 12:45:00,20.177,14.535,14.544,,
12/11/20 13:00:00,20.321,16.117,15.326,20.610,19.723
12/11/20 13:15:00,20.354,17.372,15.703,,
12/11/20 13:30:00,20.001,17.177,15.385,,
12/11/20 13:45:00,19.790,17.271,15.355,,
12/11/20 14:00:00,19.524,16.655,15.196,19.490,18.904
12/11/20 14:15:00,19.280,16.131,15.140,,
12/11/20 14:30:00,18.879,15.785,15.048,,
12/11/20 14:45:00,18.499,15.555,14.919,,
12/11/20 15:00:00,17.974,14.886,14.523,18.500,17.152
12/11/20 15:15:00,17.650,15.052,14.481,,
12/11/20 15:30:00,17.101,14.478,13.951,,
12/11/20 15:45:00,16.615,13.856,13.419,,
12/11/20 16:00:00,16.391,13.829,13.252,16.896,16.702
12/11/20 16:15:00,16.603,16.202,13.705,,
12/11/20 16:30:00,16.610,17.430,13.957,,
12/11/20 16:45:00,16.369,17.656,13.822,,
12/11/20 17:00:00,16.074,18.179,13.482,16.381,15.405
12/11/20 17:15:00,15.842,19.410,13.186,,
12/11/20 17:30:00,15.523,20.164,12.947,,
12/11/20 17:45:00,15.046,19.634,12.487,,
12/11/20 18:00:00,14.366,18.041,11.704,14.795,12.882
12/11/20 18:15:00,13.658,16.274,10.940,,
12/11/20 18:30:00,12.987,14.679,10.285,,
12/11/20 18:45:00,12.385,13.452,9.711,,
12/11/20 19:00:00,11.821,12.425,9.146,12.320,10.904
12/11/20 19:15:00,11.286,11.548,8.643,,
12/11/20 19:30:00,10.872,10.863,8.244,,
12/11/20 19:45:00,10.492,10.243,7.868,,
12/11/20 20:00:00,10.116,9.692,7.494,10.492,9.352
12/11/20 20:15:00,9.735,9.185,7.104,,
12/11/20 20:30:00,9.347,8.716,6.726,,
12/11/20 20:45:00,9.016,8.305,6.407,,
12/11/20 21:00:00,8.728,7.946,6.140,9.026,8.121
12/11/20 21:15:00,8.430,7.594,5.848,,
12/11/20 21:30:00,8.123,7.266,5.586,,
12/11/20 21:45:00,7.853,6.965,5.350,,
12/11/20 22:00:00,7.580,6.653,5.077,7.823,6.965
12/11/20 22:15:00,7.272,6.330,4.782,,
12/11/20 22:30:00,7.007,6.032,4.535,,
12/11/20 22:45:00,6.728,5.741,4.280,,
12/11/20 23:00:00,6.485,5.470,4.053,6.702,5.847
12/11/20 23:15:00,6.252,5.187,3.794,,
12/11/20 23:30:00,6.009,4.903,3.539,,
12/11/20 23:45:00,5.775,4.641,3.315,,
12/12/20 00:00:00,5.557,4.395,3.089,5.578,4.973
12/12/20 00:15:00,5.322,4.144,2.863,,
12/12/20 00:30:00,5.123,3.945,2.727,,
12/12/20 00:45:00,4.934,3.774,2.645,,
12/12/20 01:00:00,4.759,3.618,2.583,4.814,4.715
12/12/20 01:15:00,4.618,3.528,2.533,,
12/12/20 01:30:00,4.620,3.558,2.652,,
12/12/20 01:45:00,4.686,3.671,2.800,,
12/12/20 02:00:00,4.741,3.743,2.815,4.795,4.314
12/12/20 02:15:00,4.714,3.676,2.623,,
12/12/20 02:30:00,4.573,3.451,2.363,,
12/12/20 02:45:00,4.464,3.314,2.212,,
12/12/20 03:00:00,4.330,3.176,2.022,4.118,3.493
12/12/20 03:15:00,4.153,2.997,1.842,,
12/12/20 03:30:00,3.927,2.778,1.654,,
12/12/20 03:45:00,3.676,2.521,1.439,,
12/12/20 04:00:00,3.452,2.279,1.248,3.287,2.790
12/12/20 04:15:00,3.274,2.101,1.098,,
12/12/20 04:30:00,3.099,1.970,0.961,,
12/12/20 04:45:00,2.943,1.845,0.840,,
12/12/20 05:00:00,2.773,1.706,0.689,3.549,2.500
12/12/20 05:15:00,2.638,1.598,0.604,,
12/12/20 05:30:00,2.708,1.551,0.601,,
12/12/20 05:45:00,3.571,1.581,0.711,,
12/12/20 06:00:00,5.048,1.706,0.917,11.397,5.211
12/12/20 06:15:00,6.837,1.924,1.218,,
12/12/20 06:30:00,8.610,2.200,1.581,,
12/12/20 06:45:00,10.239,2.490,1.951,,
12/12/20 07:00:00,11.736,2.810,2.373,18.644,13.418
12/12/20 07:15:00,13.231,3.181,2.871,,
12/12/20 07:30:00,14.676,3.581,3.422,,
12/12/20 07:45:00,15.980,4.005,3.997,,
12/12/20 08:00:00,17.214,4.423,4.556,23.291,20.132
12/12/20 08:15:00,18.316,4.859,5.145,,
12/12/20 08:30:00,19.181,5.338,5.802,,
12/12/20 08:45:00,19.857,5.802,6.436,,
12/12/20 09:00:00,20.162,6.266,7.020,24.957,24.058
12/12/20 09:15:00,19.579,6.750,7.619,,
12/12/20 09:30:00,19.066,7.256,8.204,,
12/12/20 09:45:00,18.814,7.712,8.762,,
12/12/20 10:00:00,18.787,8.195,9.316,24.996,24.330
12/12/20 10:15:00,18.983,8.706,9.895,,
12/12/20 10:30:00,19.273,9.210,10.479,,
12/12/20 10:45:00,19.502,9.700,11.006,,
12/12/20 11:00:00,19.683,10.216,11.525,23.510,22.839
12/12/20 11:15:00,19.923,10.710,12.077,,
12/12/20 11:30:00,20.265,11.355,12.757,,
12/12/20 11:45:00,20.793,12.393,13.682,,
12/12/20 12:00:00,21.237,13.383,14.634,23.145,22.187
12/12/20 12:15:00,21.515,14.105,15.237,,
12/12/20 12:30:00,21.048,14.092,15.130,,
12/12/20 12:45:00,20.458,13.897,14.871,,
12/12/20 13:00:00,19.759,13.524,14.539,21.603,20.625
12/12/20 13:15:00,19.120,13.135,14.216,,
12/12/20 13:30:00,18.855,13.066,14.170,,
12/12/20 13:45:00,18.649,13.541,14.515,,
12/12/20 14:00:00,18.283,13.572,14.711,20.335,17.928
12/12/20 14:15:00,17.660,13.180,14.318,,
12/12/20 14:30:00,16.850,12.548,13.527,,
12/12/20 14:45:00,15.767,12.016,13.174,,
12/12/20 15:00:00,15.417,12.045,13.132,17.535,17.009
12/12/20 15:15:00,15.315,12.060,13.058,,
12/12/20 15:30:00,15.375,12.113,13.020,,
12/12/20 15:45:00,15.426,12.227,13.013,,
12/12/20 16:00:00,15.431,12.341,12.954,16.884,15.982
12/12/20 16:15:00,15.394,12.520,12.865,,
12/12/20 16:30:00,15.245,13.102,12.787,,
12/12/20 16:45:00,14.880,13.111,12.425,,
12/12/20 17:00:00,14.376,12.882,11.915,15.430,14.283
12/12/20 17:15:00,14.044,13.386,11.648,,
12/12/20 17:30:00,13.720,13.690,11.303,,
12/12/20 17:45:00,13.449,14.435,11.008,,
12/12/20 18:00:00,13.174,14.547,10.678,13.972,12.716
12/12/20 18:15:00,12.888,14.018,10.322,,
12/12/20 18:30:00,12.443,12.790,9.828,,
12/12/20 18:45:00,11.922,11.690,9.284,,
12/12/20 19:00:00,11.390,10.764,8.758,12.193,10.712
12/12/20 19:15:00,10.881,10.003,8.280,,
12/12/20 19:30:00,10.392,9.350,7.821,,
12/12/20 19:45:00,9.957,8.802,7.429,,
12/12/20 20:00:00,9.595,8.349,7.081,10.314,9.279
12/12/20 20:15:00,9.239,7.934,6.739,,
12/12/20 20:30:00,8.923,7.561,6.450,,
12/12/20 20:45:00,8.652,7.234,6.202,,
12/12/20 21:00:00,8.388,6.913,5.926,8.968,8.057
12/12/20 21:15:00,8.109,6.602,5.659,,
12/12/20 21:30:00,7.834,6.301,5.387,,
12/12/20 21:45:00,7.547,6.000,5.098,,
12/12/20 22:00:00,7.247,5.688,4.796,7.746,6.867
12/12/20 22:15:00,6.932,5.374,4.493,,
12/12/20 22:30:00,6.675,5.102,4.250,,
12/12/20 22:45:00,6.431,4.838,4.015,,
12/12/20 23:00:00,6.137,4.509,3.683,6.525,5.614
12/12/20 23:15:00,5.826,4.185,3.368,,
12/12/20 23:30:00,5.552,3.914,3.110,,
12/12/20 23:45:00,5.329,3.683,2.914,,
12/13/20 00:00:00,5.071,3.451,2.678,5.367,4.441
12/13/20 00:15:00,4.811,3.201,2.423,,
12/13/20 00:30:00,4.560,2.951,2.153,,
12/13/20 00:45:00,4.314,2.702,1.909,,
12/13/20 01:00:00,4.086,2.470,1.681,4.162,3.411
12/13/20 01:15:00,3.866,2.269,1.474,,
12/13/20 01:30:00,3.656,2.093,1.277,,
12/13/20 01:45:00,3.441,1.906,1.086,,
12/13/20 02:00:00,3.262,1.749,0.953,3.239,2.478
12/13/20 02:15:00,3.064,1.551,0.763,,
12/13/20 02:30:00,2.835,1.298,0.511,,
12/13/20 02:45:00,2.617,1.055,0.287,,
12/13/20 03:00:00,2.414,0.848,0.096,2.237,1.564
12/13/20 03:15:00,2.218,0.659,-0.097,,
12/13/20 03:30:00,2.013,0.467,-0.291,,
12/13/20 03:45:00,1.821,0.292,-0.459,,
12/13/20 04:00:00,1.701,0.209,-0.499,1.454,1.042
12/13/20 04:15:00,1.588,0.126,-0.564,,
12/13/20 04:30:00,1.422,-0.012,-0.715,,
12/13/20 04:45:00,1.258,-0.177,-0.898,,
12/13/20 05:00:00,1.102,-0.322,-1.070,2.284,0.721
12/13/20 05:15:00,0.973,-0.415,-1.175,,
12/13/20 05:30:00,1.079,-0.462,-1.182,,
12/13/20 05:45:00,2.376,-0.401,-1.077,,
12/13/20 06:00:00,4.009,-0.264,-0.906,10.342,4.241
12/13/20 06:15:00,5.632,-0.053,-0.643,,
12/13/20 06:30:00,7.248,0.223,-0.284,,
12/13/20 06:45:00,8.818,0.556,0.179,,
12/13/20 07:00:00,10.262,0.931,0.685,17.409,12.146
12/13/20 07:15:00,11.783,1.342,1.202,,
12/13/20 07:30:00,13.200,1.776,1.769,,
12/13/20 07:45:00,14.535,2.232,2.381,,
12/13/20 08:00:00,15.761,2.723,3.031,22.154,18.866
12/13/20 08:15:00,16.737,3.226,3.707,,
12/13/20 08:30:00,17.632,3.704,4.327,,
12/13/20 08:45:00,18.608,4.151,4.921,,
12/13/20 09:00:00,19.029,4.631,5.550,24.166,22.944
12/13/20 09:15:00,18.393,5.131,6.213,,
12/13/20 09:30:00,17.867,5.626,6.873,,
12/13/20 09:45:00,17.477,6.145,7.575,,
12/13/20 10:00:00,17.384,6.648,8.181,24.294,23.509
12/13/20 10:15:00,17.681,7.173,8.764,,
12/13/20 10:30:00,17.932,7.715,9.401,,
12/13/20 10:45:00,18.140,8.304,10.049,,
12/13/20 11:00:00,18.247,8.861,10.644,22.517,21.072
12/13/20 11:15:00,18.331,9.366,11.037,,
12/13/20 11:30:00,18.702,9.918,11.499,,
12/13/20 11:45:00,18.986,10.533,12.080,,
12/13/20 12:00:00,19.001,11.157,12.615,20.778,20.287
12/13/20 12:15:00,19.105,11.707,13.169,,
12/13/20 12:30:00,19.240,12.423,13.682,,
12/13/20 12:45:00,19.139,13.515,14.164,,
12/13/20 13:00:00,19.185,14.765,14.601,20.106,19.471
12/13/20 13:15:00,19.158,16.101,15.016,,
12/13/20 13:30:00,18.938,16.612,15.049,,
12/13/20 13:45:00,18.918,17.998,15.558,,
12/13/20 14:00:00,18.953,19.094,15.988,19.472,18.986
12/13/20 14:15:00,18.958,19.970,16.393,,
12/13/20 14:30:00,18.830,20.443,16.488,,
12/13/20 14:45:00,18.663,20.871,16.482,,
12/13/20 15:00:00,18.447,20.896,16.396,18.906,18.515
12/13/20 15:15:00,18.237,21.185,16.412,,
12/13/20 15:30:00,18.013,21.246,16.211,,
12/13/20 15:45:00,17.785,21.252,15.916,,
12/13/20 16:00:00,17.457,21.191,15.636,18.276,16.993
12/13/20 16:15:00,17.055,21.217,15.333,,
12/13/20 16:30:00,16.659,21.287,14.939,,
12/13/20 16:45:00,16.228,21.261,14.533,,
12/13/20 17:00:00,15.767,21.103,14.080,16.484,15.091
12/13/20 17:15:00,15.340,21.008,13.596,,
12/13/20 17:30:00,14.925,20.848,13.135,,
12/13/20 17:45:00,14.430,20.092,12.508,,
12/13/20 18:00:00,13.943,19.103,11.884,14.580,13.087
12/13/20 18:15:00,13.430,17.581,11.203,,
12/13/20 18:30:00,12.922,15.915,10.626,,
12/13/20 18:45:00,12.440,14.629,10.102,,
12/13/20 19:00:00,11.924,13.548,9.544,12.557,11.091
12/13/20 19:15:00,11.440,12.669,9.064,,
12/13/20 19:30:00,11.009,11.942,8.607,,
12/13/20 19:45:00,10.583,11.280,8.159,,
12/13/20 20:00:00,10.178,10.683,7.745,10.655,9.510
12/13/20 20:15:00,9.805,10.124,7.359,,
12/13/20 20:30:00,9.463,9.621,7.006,,
12/13/20 20:45:00,9.108,9.160,6.655,,
12/13/20 21:00:00,8.782,8.737,6.342,9.168,8.224
12/13/20 21:15:00,8.441,8.335,6.025,,
12/13/20 21:30:00,8.137,7.974,5.747,,
12/13/20 21:45:00,7.846,7.643,5.481,,
12/13/20 22:00:00,7.582,7.343,5.255,7.949,7.075
12/13/20 22:15:00,7.365,7.083,5.079,,
12/13/20 22:30:00,7.130,6.785,4.832,,
12/13/20 22:45:00,6.854,6.425,4.522,,
12/13/20 23:00:00,6.595,6.104,4.255,6.747,5.888
12/13/20 23:15:00,6.350,5.802,4.015,,
12/13/20 23:30:00,6.080,5.483,3.756,,
12/13/20 23:45:00,5.835,5.221,3.548,,
12/14/20 00:00:00,5.642,5.048,3.424,5.717,5.085
12/14/20 00:15:00,5.459,4.880,3.269,,
12/14/20 00:30:00,5.240,4.668,3.064,,
12/14/20 00:45:00,4.990,4.410,2.835,,
12/14/20 01:00:00,4.772,4.188,2.667,4.869,4.182
12/14/20 01:15:00,4.574,3.989,2.498,,
12/14/20 01:30:00,4.374,3.743,2.284,,
12/14/20 01:45:00,4.177,3.492,2.076,,
12/14/20 02:00:00,4.002,3.297,1.921,3.971,3.472
12/14/20 02:15:00,3.827,3.120,1.782,,
12/14/20 02:30:00,3.671,2.976,1.676,,
12/14/20 02:45:00,3.497,2.813,1.539,,
12/14/20 03:00:00,3.322,2.652,1.391,3.304,2.685
12/14/20 03:15:00,3.178,2.500,1.248,,
12/14/20 03:30:00,2.999,2.255,1.006,,
12/14/20 03:45:00,2.820,2.037,0.799,,
12/14/20 04:00:00,2.627,1.863,0.608,2.490,1.934
12/14/20 04:15:00,2.414,1.656,0.385,,
12/14/20 04:30:00,2.225,1.473,0.244,,
12/14/20 04:45:00,2.087,1.354,0.179,,
12/14/20 05:00:00,1.934,1.211,0.077,3.089,1.654
12/14/20 05:15:00,1.796,1.076,-0.025,,
12/14/20 05:30:00,1.828,0.939,-0.179,,
12/14/20 05:45:00,3.029,0.889,-0.203,,
12/14/20 06:00:00,4.765,0.970,-0.034,11.344,5.089
12/14/20 06:15:00,6.606,1.163,0.259,,
12/14/20 06:30:00,8.226,1.403,0.596,,
12/14/20 06:45:00,9.749,1.689,0.984,,
12/14/20 07:00:00,11.183,2.013,1.434,18.402,13.302
12/14/20 07:15:00,12.598,2.398,1.958,,
12/14/20 07:30:00,14.053,2.828,2.555,,
12/14/20 07:45:00,15.399,3.284,3.205,,
12/14/20 08:00:00,16.686,3.758,3.891,23.379,19.862
12/14/20 08:15:00,17.828,4.254,4.631,,
12/14/20 08:30:00,18.830,4.783,5.411,,
12/14/20 08:45:00,19.539,5.346,6.223,,
12/14/20 09:00:00,19.642,5.909,6.984,24.629,23.899
12/14/20 09:15:00,18.921,6.417,7.596,,
12/14/20 09:30:00,18.438,6.906,8.230,,
12/14/20 09:45:00,18.255,7.456,8.974,,
12/14/20 10:00:00,18.320,7.953,9.617,24.924,23.286
12/14/20 10:15:00,18.299,8.318,10.056,,
12/14/20 10:30:00,18.111,8.636,10.381,,
12/14/20 10:45:00,18.063,9.027,10.815,,
12/14/20 11:00:00,18.057,9.409,11.076,22.390,20.926
12/14/20 11:15:00,18.148,9.746,11.318,,
12/14/20 11:30:00,18.435,10.306,11.986,,
12/14/20 11:45:00,18.625,10.921,12.728,,
12/14/20 12:00:00,18.790,11.467,13.353,20.822,20.729
12/14/20 12:15:00,18.976,12.006,13.919,,
12/14/20 12:30:00,18.953,12.630,14.441,,
12/14/20 12:45:00,19.068,13.780,14.870,,
12/14/20 13:00:00,19.212,14.969,15.248,20.671,20.025
12/14/20 13:15:00,19.304,15.943,15.455,,
12/14/20 13:30:00,19.413,16.653,15.540,,
12/14/20 13:45:00,19.065,16.376,15.234,,
12/14/20 14:00:00,18.913,16.942,15.433,19.932,19.667
12/14/20 14:15:00,18.683,16.777,15.396,,
12/14/20 14:30:00,18.442,16.752,15.469,,
12/14/20 14:45:00,18.213,17.073,15.611,,
12/14/20 15:00:00,17.990,17.848,15.593,19.475,18.209
12/14/20 15:15:00,17.715,17.946,15.223,,
12/14/20 15:30:00,17.495,18.617,15.090,,
12/14/20 15:45:00,17.180,18.858,14.810,,
12/14/20 16:00:00,16.768,18.574,14.418,17.697,16.169
12/14/20 16:15:00,16.332,18.062,14.000,,
12/14/20 16:30:00,15.936,17.885,13.663,,
12/14/20 16:45:00,15.484,17.237,13.171,,
12/14/20 17:00:00,15.012,16.886,12.692,15.655,14.117
12/14/20 17:15:00,14.539,16.825,12.178,,
12/14/20 17:30:00,14.074,16.510,11.687,,
12/14/20 17:45:00,13.500,15.384,11.044,,
12/14/20 18:00:00,12.840,14.081,10.316,13.484,11.680
12/14/20 18:15:00,12.163,12.856,9.594,,
12/14/20 18:30:00,11.573,11.856,8.973,,
12/14/20 18:45:00,11.061,11.029,8.441,,
12/14/20 19:00:00,10.545,10.289,7.943,11.160,9.818
12/14/20 19:15:00,10.101,9.683,7.514,,
12/14/20 19:30:00,9.649,9.112,7.107,,
12/14/20 19:45:00,9.219,8.599,6.750,,
12/14/20 20:00:00,8.857,8.199,6.493,9.480,8.733
12/14/20 20:15:00,8.599,7.904,6.290,,
12/14/20 20:30:00,8.355,7.640,6.080,,
12/14/20 20:45:00,8.152,7.417,5.894,,
12/14/20 21:00:00,7.964,7.196,5.696,8.483,7.771
12/14/20 21:15:00,7.801,6.996,5.534,,
12/14/20 21:30:00,7.583,6.767,5.337,,
12/14/20 21:45:00,7.363,6.523,5.148,,
12/14/20 22:00:00,7.130,6.260,4.921,7.549,6.783
12/14/20 22:15:00,6.886,5.985,4.660,,
12/14/20 22:30:00,6.644,5.691,4.399,,
12/14/20 22:45:00,6.353,5.366,4.102,,
12/14/20 23:00:00,6.078,5.065,3.848,6.498,5.571
12/14/20 23:15:00,5.789,4.782,3.556,,
12/14/20 23:30:00,5.486,4.501,3.254,,
12/14/20 23:45:00,5.197,4.218,2.973,,
12/15/20 00:00:00,4.929,3.935,2.683,5.263,4.408
12/15/20 00:15:00,4.699,3.686,2.455,,
12/15/20 00:30:00,4.439,3.370,2.173,,
12/15/20 00:45:00,4.177,3.097,1.929,,
12/15/20 01:00:00,3.953,2.866,1.723,4.153,3.290
12/15/20 01:15:00,3.706,2.617,1.452,,
12/15/20 01:30:00,3.441,2.339,1.153,,
12/15/20 01:45:00,3.186,2.098,0.941,,
12/15/20 02:00:00,2.978,1.911,0.778,3.082,2.343
12/15/20 02:15:00,2.722,1.693,0.523,,
12/15/20 02:30:00,2.496,1.430,0.289,,
12/15/20 02:45:00,2.282,1.212,0.065,,
12/15/20 03:00:00,2.119,1.049,-0.052,2.166,1.625
12/15/20 03:15:00,1.956,0.881,-0.182,,
12/15/20 03:30:00,1.779,0.706,-0.338,,
12/15/20 03:45:00,1.595,0.546,-0.520,,
12/15/20 04:00:00,1.393,0.385,-0.701,1.430,0.544
12/15/20 04:15:00,1.168,0.153,-0.976,,
12/15/20 04:30:00,0.931,-0.123,-1.258,,
12/15/20 04:45:00,0.687,-0.408,-1.542,,
12/15/20 05:00:00,0.460,-0.650,-1.762,0.271,-0.130
12/15/20 05:15:00,0.270,-0.849,-1.954,,
12/15/20 05:30:00,0.145,-0.994,-2.101,,
12/15/20 05:45:00,0.202,-1.061,-2.128,,
12/15/20 06:00:00,0.775,-0.982,-1.983,4.777,0.461
12/15/20 06:15:00,1.840,-0.826,-1.780,,
12/15/20 06:30:00,3.143,-0.601,-1.460,,
12/15/20 06:45:00,4.348,-0.362,-1.074,,
12/15/20 07:00:00,5.703,-0.038,-0.602,12.202,6.645
12/15/20 07:15:00,6.990,0.323,-0.104,,
12/15/20 07:30:00,8.364,0.725,0.468,,
12/15/20 07:45:00,9.880,1.173,1.074,,
12/15/20 08:00:00,11.570,1.668,1.718,19.166,14.235
12/15/20 08:15:00,13.240,2.183,2.389,,
12/15/20 08:30:00,14.686,2.710,3.094,,
12/15/20 08:45:00,15.791,3.224,3.830,,
12/15/20 09:00:00,16.414,3.748,4.535,22.601,20.324
12/15/20 09:15:00,15.971,4.276,5.222,,
12/15/20 09:30:00,15.611,4.808,5.906,,
12/15/20 09:45:00,15.490,5.354,6.604,,
12/15/20 10:00:00,15.555,5.954,7.343,22.952,21.473
12/15/20 10:15:00,15.760,6.555,8.126,,
12/15/20 10:30:00,15.897,7.192,8.852,,
12/15/20 10:45:00,16.031,7.799,9.538,,
12/15/20 11:00:00,16.245,8.377,10.138,20.527,19.129
12/15/20 11:15:00,16.496,9.033,10.736,,
12/15/20 11:30:00,16.734,9.715,11.250,,
12/15/20 11:45:00,16.921,10.316,11.778,,
12/15/20 12:00:00,17.079,10.886,12.243,18.857,18.696
12/15/20 12:15:00,17.272,11.535,12.778,,
12/15/20 12:30:00,17.540,12.485,13.424,,
12/15/20 12:45:00,17.791,13.834,14.015,,
12/15/20 13:00:00,18.002,15.100,14.617,18.790,18.273
12/15/20 13:15:00,18.057,16.083,15.054,,
12/15/20 13:30:00,18.014,16.777,15.363,,
12/15/20 13:45:00,17.758,16.737,15.227,,
12/15/20 14:00:00,17.595,16.906,15.157,18.209,18.085
12/15/20 14:15:00,17.477,16.881,14.954,,
12/15/20 14:30:00,17.421,17.244,15.016,,
12/15/20 14:45:00,17.353,17.904,15.063,,
12/15/20 15:00:00,17.217,18.589,15.073,18.120,17.033
12/15/20 15:15:00,17.012,19.132,14.963,,
12/15/20 15:30:00,16.701,19.466,14.716,,
12/15/20 15:45:00,16.339,19.692,14.444,,
12/15/20 16:00:00,15.962,19.685,14.083,16.588,15.243
12/15/20 16:15:00,15.587,19.771,13.708,,
12/15/20 16:30:00,15.181,19.771,13.297,,
12/15/20 16:45:00,14.759,19.799,12.947,,
12/15/20 17:00:00,14.208,18.880,12.348,14.711,13.138
12/15/20 17:15:00,13.619,17.816,11.725,,
12/15/20 17:30:00,13.090,16.897,11.224,,
12/15/20 17:45:00,12.592,16.009,10.713,,
12/15/20 18:00:00,12.193,15.640,10.262,12.726,11.324
12/15/20 18:15:00,11.730,14.352,9.721,,
12/15/20 18:30:00,11.238,13.136,9.157,,
12/15/20 18:45:00,10.788,12.148,8.657,,
12/15/20 19:00:00,10.328,11.333,8.199,10.879,9.774
12/15/20 19:15:00,9.940,10.689,7.801,,
12/15/20 19:30:00,9.584,10.113,7.421,,
12/15/20 19:45:00,9.265,9.584,7.067,,
12/15/20 20:00:00,8.959,9.115,6.748,9.455,8.483
12/15/20 20:15:00,8.677,8.691,6.455,,
12/15/20 20:30:00,8.389,8.311,6.178,,
12/15/20 20:45:00,8.110,7.965,5.894,,
12/15/20 21:00:00,7.820,7.627,5.595,8.146,7.159
12/15/20 21:15:00,7.498,7.278,5.268,,
12/15/20 21:30:00,7.156,6.924,4.945,,
12/15/20 21:45:00,6.865,6.623,4.712,,
12/15/20 22:00:00,6.610,6.364,4.499,6.889,6.162
12/15/20 22:15:00,6.384,6.121,4.283,,
12/15/20 22:30:00,6.175,5.880,4.048,,
12/15/20 22:45:00,5.970,5.634,3.824,,
12/15/20 23:00:00,5.731,5.351,3.546,5.906,5.090
12/15/20 23:15:00,5.478,5.053,3.302,,
12/15/20 23:30:00,5.205,4.744,3.052,,
12/15/20 23:45:00,4.950,4.472,2.825,,
12/16/20 00:00:00,4.735,4.244,2.618,4.859,4.066
12/16/20 00:15:00,4.490,3.953,2.349,,
12/16/20 00:30:00,4.208,3.633,2.061,,
12/16/20 00:45:00,3.948,3.365,1.836,,
12/16/20 01:00:00,3.728,3.153,1.668,3.863,3.337
12/16/20 01:15:00,3.544,2.961,1.510,,
12/16/20 01:30:00,3.373,2.768,1.340,,
12/16/20 01:45:00,3.244,2.638,1.277,,
12/16/20 02:00:00,3.074,2.475,1.124,3.165,2.538
12/16/20 02:15:00,2.896,2.289,0.967,,
12/16/20 02:30:00,2.697,2.076,0.759,,
12/16/20 02:45:00,2.471,1.877,0.534,,
12/16/20 03:00:00,2.262,1.705,0.344,2.322,1.710
12/16/20 03:15:00,2.027,1.507,0.119,,
12/16/20 03:30:00,1.825,1.332,-0.057,,
12/16/20 03:45:00,1.662,1.185,-0.170,,
12/16/20 04:00:00,1.493,1.004,-0.371,1.500,0.967
12/16/20 04:15:00,1.328,0.811,-0.544,,
12/16/20 04:30:00,1.192,0.628,-0.673,,
12/16/20 04:45:00,1.071,0.517,-0.722,,
12/16/20 05:00:00,0.917,0.372,-0.861,1.992,0.618
12/16/20 05:15:00,0.769,0.205,-1.008,,
12/16/20 05:30:00,0.814,0.150,-1.026,,
12/16/20 05:45:00,2.049,0.285,-0.738,,
12/16/20 06:00:00,3.358,0.492,-0.392,7.058,3.558
12/16/20 06:15:00,4.033,0.706,-0.053,,
12/16/20 06:30:00,4.825,1.004,0.346,,
12/16/20 06:45:00,6.072,1.430,0.874,,
12/16/20 07:00:00,7.760,1.948,1.481,13.329,9.047
12/16/20 07:15:00,9.179,2.441,2.129,,
12/16/20 07:30:00,10.164,2.913,2.831,,
12/16/20 07:45:00,11.100,3.414,3.533,,
12/16/20 08:00:00,12.104,3.947,4.215,18.562,14.586
12/16/20 08:15:00,13.311,4.457,4.843,,
12/16/20 08:30:00,14.481,4.932,5.460,,
12/16/20 08:45:00,15.490,5.460,6.229,,
12/16/20 09:00:00,16.271,6.210,7.176,21.354,19.606
12/16/20 09:15:00,16.329,7.074,8.065,,
12/16/20 09:30:00,16.448,7.957,8.933,,
12/16/20 09:45:00,16.683,8.761,9.801,,
12/16/20 10:00:00,16.920,9.435,10.547,21.922,21.567
12/16/20 10:15:00,17.220,10.072,11.260,,
12/16/20 10:30:00,17.541,10.647,11.922,,
12/16/20 10:45:00,17.727,11.076,12.369,,
12/16/20 11:00:00,17.940,11.554,12.818,21.178,20.582
12/16/20 11:15:00,18.222,12.090,13.218,,
12/16/20 11:30:00,18.439,12.622,13.569,,
12/16/20 11:45:00,19.007,13.224,14.006,,
12/16/20 12:00:00,19.310,13.648,14.466,20.697,20.546
12/16/20 12:15:00,19.364,14.170,15.052,,
12/16/20 12:30:00,19.612,14.813,15.608,,
12/16/20 12:45:00,19.680,15.340,15.836,,
12/16/20 13:00:00,19.667,15.825,16.144,20.764,20.557
12/16/20 13:15:00,19.607,16.470,16.429,,
12/16/20 13:30:00,19.814,17.463,16.881,,
12/16/20 13:45:00,19.711,17.521,16.827,,
12/16/20 14:00:00,19.548,17.379,16.880,20.354,19.543
12/16/20 14:15:00,19.334,17.289,16.816,,
12/16/20 14:30:00,19.099,17.005,16.650,,
12/16/20 14:45:00,18.757,16.762,16.458,,
12/16/20 15:00:00,18.441,16.371,16.046,19.176,16.691
12/16/20 15:15:00,17.821,15.490,15.169,,
12/16/20 15:30:00,16.854,13.907,14.056,,
12/16/20 15:45:00,15.613,11.552,12.811,,
12/16/20 16:00:00,14.450,10.573,12.030,15.928,14.285
12/16/20 16:15:00,13.768,9.808,11.038,,
12/16/20 16:30:00,13.338,9.800,10.550,,
12/16/20 16:45:00,13.151,11.161,10.631,,
12/16/20 17:00:00,12.868,12.001,10.635,13.961,13.076
12/16/20 17:15:00,12.535,12.139,10.371,,
12/16/20 17:30:00,12.199,11.253,10.099,,
12/16/20 17:45:00,11.937,10.513,9.837,,
12/16/20 18:00:00,11.610,9.837,9.469,12.708,11.570
12/16/20 18:15:00,11.280,9.295,9.148,,
12/16/20 18:30:00,10.951,8.835,8.877,,
12/16/20 18:45:00,10.643,8.411,8.590,,
12/16/20 19:00:00,10.371,8.043,8.288,11.224,10.254
12/16/20 19:15:00,10.087,7.710,7.967,,
12/16/20 19:30:00,9.840,7.431,7.679,,
12/16/20 19:45:00,9.620,7.176,7.412,,
12/16/20 20:00:00,9.322,6.917,7.110,9.909,9.094
12/16/20 20:15:00,9.024,6.672,6.865,,
12/16/20 20:30:00,8.765,6.436,6.690,,
12/16/20 20:45:00,8.559,6.231,6.542,,
12/16/20 21:00:00,8.377,6.070,6.452,8.908,8.452
12/16/20 21:15:00,8.237,5.963,6.387,,
12/16/20 21:30:00,8.109,5.872,6.310,,
12/16/20 21:45:00,7.964,5.767,6.218,,
12/16/20 22:00:00,7.784,5.602,6.064,8.282,7.547
12/16/20 22:15:00,7.596,5.417,5.871,,
12/16/20 22:30:00,7.363,5.192,5.621,,
12/16/20 22:45:00,7.124,4.968,5.367,,
12/16/20 23:00:00,6.849,4.676,5.047,7.247,6.391
12/16/20 23:15:00,6.588,4.394,4.749,,
12/16/20 23:30:00,6.364,4.166,4.490,,
12/16/20 23:45:00,6.183,4.010,4.303,,
12/17/20 00:00:00,5.968,3.784,4.046,6.121,5.499
12/17/20 00:15:00,5.757,3.586,3.819,,
12/17/20 00:30:00,5.581,3.457,3.660,,
12/17/20 00:45:00,5.417,3.337,3.513,,
12/17/20 01:00:00,5.251,3.195,3.347,5.327,4.704
12/17/20 01:15:00,5.069,3.027,3.161,,
12/17/20 01:30:00,4.867,2.828,2.951,,
12/17/20 01:45:00,4.699,2.708,2.788,,
12/17/20 02:00:00,4.498,2.600,2.573,4.465,4.184
12/17/20 02:15:00,4.324,2.503,2.428,,
12/17/20 02:30:00,4.231,2.443,2.418,,
12/17/20 02:45:00,4.184,2.414,2.445,,
12/17/20 03:00:00,4.154,2.391,2.456,4.157,4.095
12/17/20 03:15:00,4.144,2.381,2.476,,
12/17/20 03:30:00,4.117,2.364,2.446,,
12/17/20 03:45:00,4.094,2.348,2.419,,
12/17/20 04:00:00,4.076,2.327,2.373,4.023,3.771
12/17/20 04:15:00,4.033,2.269,2.275,,
12/17/20 04:30:00,3.978,2.227,2.229,,
12/17/20 04:45:00,3.925,2.217,2.267,,
12/17/20 05:00:00,3.866,2.203,2.286,5.113,3.748
12/17/20 05:15:00,3.847,2.203,2.319,,
12/17/20 05:30:00,3.961,2.225,2.366,,
12/17/20 05:45:00,5.087,2.309,2.508,,
12/17/20 06:00:00,6.838,2.460,2.733,13.461,7.181
12/17/20 06:15:00,8.493,2.640,2.944,,
12/17/20 06:30:00,10.049,2.924,3.224,,
12/17/20 06:45:00,11.781,3.421,3.758,,
12/17/20 07:00:00,13.463,3.999,4.373,16.978,15.378
12/17/20 07:15:00,14.853,4.519,4.984,,
12/17/20 07:30:00,14.897,4.879,5.467,,
12/17/20 07:45:00,14.919,5.213,5.875,,
12/17/20 08:00:00,15.269,5.571,6.282,18.203,16.665
12/17/20 08:15:00,15.448,5.843,6.526,,
12/17/20 08:30:00,15.986,6.076,6.761,,
12/17/20 08:45:00,17.176,6.465,7.244,,
12/17/20 09:00:00,18.023,6.827,7.788,20.865,19.509
12/17/20 09:15:00,17.784,7.184,8.347,,
12/17/20 09:30:00,17.357,7.440,8.630,,
12/17/20 09:45:00,17.248,8.063,9.404,,
12/17/20 10:00:00,17.269,8.624,9.849,20.859,19.597
12/17/20 10:15:00,17.451,9.157,10.273,,
12/17/20 10:30:00,17.486,9.500,10.449,,
12/17/20 10:45:00,17.549,9.832,10.806,,
12/17/20 11:00:00,17.981,10.358,11.538,19.246,18.912
12/17/20 11:15:00,18.522,10.983,12.556,,
12/17/20 11:30:00,18.773,11.488,13.040,,
12/17/20 11:45:00,18.494,11.793,13.160,,
12/17/20 12:00:00,18.198,11.921,13.105,18.499,18.017
12/17/20 12:15:00,17.969,12.148,13.407,,
12/17/20 12:30:00,17.929,12.598,13.846,,
12/17/20 12:45:00,17.809,12.791,13.919,,
12/17/20 13:00:00,17.827,13.317,14.083,17.916,16.932
12/17/20 13:15:00,17.674,13.303,13.937,,
12/17/20 13:30:00,17.305,12.879,13.509,,
12/17/20 13:45:00,16.829,12.276,12.995,,
12/17/20 14:00:00,16.076,11.076,12.053,16.321,14.259
12/17/20 14:15:00,15.160,9.875,11.201,,
12/17/20 14:30:00,14.372,8.988,10.554,,
12/17/20 14:45:00,13.691,8.399,10.053,,
12/17/20 15:00:00,13.043,7.951,9.634,13.727,12.483
12/17/20 15:15:00,12.319,7.618,9.307,,
12/17/20 15:30:00,11.628,7.360,9.075,,
12/17/20 15:45:00,10.945,7.072,8.768,,
12/17/20 16:00:00,10.334,6.773,8.444,12.106,10.940
12/17/20 16:15:00,9.769,6.447,8.067,,
12/17/20 16:30:00,9.237,6.115,7.712,,
12/17/20 16:45:00,8.820,5.926,7.553,,
12/17/20 17:00:00,8.582,5.877,7.492,10.760,10.046
12/17/20 17:15:00,8.343,5.757,7.337,,
12/17/20 17:30:00,8.032,5.550,7.094,,
12/17/20 17:45:00,7.746,5.367,6.879,,
12/17/20 18:00:00,7.505,5.221,6.713,9.824,9.137
12/17/20 18:15:00,7.275,5.061,6.545,,
12/17/20 18:30:00,6.985,4.822,6.322,,
12/17/20 18:45:00,6.729,4.555,6.056,,
12/17/20 19:00:00,6.509,4.231,5.818,8.882,8.484
12/17/20 19:15:00,6.322,4.118,5.720,,
12/17/20 19:30:00,6.263,4.112,5.693,,
12/17/20 19:45:00,6.217,4.104,5.650,,
12/17/20 20:00:00,6.154,4.058,5.573,8.377,8.018
12/17/20 20:15:00,6.096,3.976,5.473,,
12/17/20 20:30:00,6.081,3.955,5.391,,
12/17/20 20:45:00,6.073,3.943,5.297,,
12/17/20 21:00:00,6.037,3.907,5.189,7.870,7.450
12/17/20 21:15:00,5.973,3.830,5.073,,
12/17/20 21:30:00,5.883,3.730,4.934,,
12/17/20 21:45:00,5.776,3.632,4.803,,
12/17/20 22:00:00,5.666,3.546,4.696,7.308,6.971
12/17/20 22:15:00,5.576,3.464,4.607,,
12/17/20 22:30:00,5.501,3.404,4.547,,
12/17/20 22:45:00,5.427,3.361,4.480,,
12/17/20 23:00:00,5.364,3.338,4.446,6.889,6.604
12/17/20 23:15:00,5.271,3.292,4.366,,
12/17/20 23:30:00,5.197,3.257,4.324,,
12/17/20 23:45:00,5.166,3.259,4.316,,
12/18/20 00:00:00,5.163,3.295,4.350,6.571,6.461
12/18/20 00:15:00,5.181,3.345,4.376,,
12/18/20 00:30:00,5.164,3.368,4.369,,
12/18/20 00:45:00,5.132,3.385,4.360,,
12/18/20 01:00:00,5.097,3.381,4.330,6.377,6.142
12/18/20 01:15:00,5.058,3.380,4.306,,
12/18/20 01:30:00,5.011,3.383,4.286,,
12/18/20 01:45:00,4.932,3.368,4.232,,
12/18/20 02:00:00,4.863,3.352,4.167,6.041,5.735
12/18/20 02:15:00,4.782,3.302,4.054,,
12/18/20 02:30:00,4.663,3.223,3.937,,
12/18/20 02:45:00,4.561,3.173,3.871,,
12/18/20 03:00:00,4.491,3.152,3.837,5.682,5.475
12/18/20 03:15:00,4.438,3.128,3.817,,
12/18/20 03:30:00,4.373,3.080,3.768,,
12/18/20 03:45:00,4.333,3.054,3.747,,
12/18/20 04:00:00,4.316,3.049,3.745,5.452,5.261
12/18/20 04:15:00,4.272,3.036,3.706,,
12/18/20 04:30:00,4.221,3.022,3.668,,
12/18/20 04:45:00,4.128,2.954,3.521,,
12/18/20 05:00:00,4.004,2.846,3.356,5.110,4.746
12/18/20 05:15:00,3.892,2.717,3.196,,
12/18/20 05:30:00,3.791,2.582,3.084,,
12/18/20 05:45:00,3.720,2.508,3.042,,
12/18/20 06:00:00,3.679,2.461,2.988,6.070,4.670
12/18/20 06:15:00,3.633,2.419,2.933,,
12/18/20 06:30:00,3.812,2.446,2.988,,
12/18/20 06:45:00,4.787,2.633,3.261,,
12/18/20 07:00:00,5.941,2.740,3.446,10.182,7.635
12/18/20 07:15:00,6.201,2.941,3.710,,
12/18/20 07:30:00,7.133,3.229,4.115,,
12/18/20 07:45:00,8.048,3.635,4.537,,
12/18/20 08:00:00,8.864,4.175,4.921,16.711,11.023
12/18/20 08:15:00,10.395,4.598,5.335,,
12/18/20 08:30:00,12.095,4.890,5.630,,
12/18/20 08:45:00,13.242,5.139,5.950,,
12/18/20 09:00:00,13.651,5.552,6.411,18.146,17.344
12/18/20 09:15:00,13.272,5.938,6.753,,
12/18/20 09:30:00,12.809,6.175,6.960,,
12/18/20 09:45:00,12.509,6.390,7.226,,
12/18/20 10:00:00,12.535,6.671,7.567,18.335,17.797
12/18/20 10:15:00,12.925,7.078,7.979,,
12/18/20 10:30:00,13.088,7.278,8.237,,
12/18/20 10:45:00,13.330,7.509,8.610,,
12/18/20 11:00:00,13.723,7.735,8.988,17.226,16.566
12/18/20 11:15:00,14.077,7.982,9.342,,
12/18/20 11:30:00,14.402,8.276,9.749,,
12/18/20 11:45:00,14.620,8.582,10.201,,
12/18/20 12:00:00,14.816,9.015,10.693,17.262,16.558
12/18/20 12:15:00,14.997,9.398,11.193,,
12/18/20 12:30:00,15.388,10.138,12.116,,
12/18/20 12:45:00,15.530,10.548,12.559,,
12/18/20 13:00:00,15.251,10.712,12.509,16.850,16.000
12/18/20 13:15:00,15.067,11.149,12.474,,
12/18/20 13:30:00,15.015,12.168,12.520,,
12/18/20 13:45:00,15.184,13.673,12.761,,
12/18/20 14:00:00,14.877,13.222,12.710,15.716,14.232
12/18/20 14:15:00,14.408,13.243,12.686,,
12/18/20 14:30:00,13.937,13.321,12.564,,
12/18/20 14:45:00,13.364,12.906,12.378,,
12/18/20 15:00:00,12.821,12.360,12.242,13.961,13.529
12/18/20 15:15:00,12.529,11.674,11.981,,
12/18/20 15:30:00,12.328,10.966,11.748,,
12/18/20 15:45:00,12.148,10.225,11.362,,
12/18/20 16:00:00,11.795,9.574,10.823,12.999,11.583
12/18/20 16:15:00,11.289,8.833,10.214,,
12/18/20 16:30:00,10.913,8.355,9.838,,
12/18/20 16:45:00,10.586,7.990,9.551,,
12/18/20 17:00:00,10.289,7.702,9.296,11.311,10.754
12/18/20 17:15:00,10.029,7.478,9.081,,
12/18/20 17:30:00,9.783,7.332,8.874,,
12/18/20 17:45:00,9.575,7.198,8.692,,
12/18/20 18:00:00,9.318,6.913,8.458,10.573,9.970
12/18/20 18:15:00,9.075,6.715,8.260,,
12/18/20 18:30:00,8.779,6.442,8.007,,
12/18/20 18:45:00,8.551,6.250,7.821,,
12/18/20 19:00:00,8.369,6.110,7.660,9.798,9.440
12/18/20 19:15:00,8.219,6.011,7.516,,
12/18/20 19:30:00,8.151,5.987,7.453,,
12/18/20 19:45:00,8.076,5.963,7.366,,
12/18/20 20:00:00,7.976,5.909,7.256,9.295,8.984
12/18/20 20:15:00,7.904,5.883,7.190,,
12/18/20 20:30:00,7.829,5.866,7.132,,
12/18/20 20:45:00,7.732,5.842,7.066,,
12/18/20 21:00:00,7.654,5.803,6.992,8.875,8.613
12/18/20 21:15:00,7.563,5.727,6.913,,
12/18/20 21:30:00,7.494,5.629,6.830,,
12/18/20 21:45:00,7.410,5.512,6.713,,
12/18/20 22:00:00,7.319,5.422,6.622,8.528,8.040
12/18/20 22:15:00,7.178,5.279,6.488,,
12/18/20 22:30:00,7.020,5.089,6.247,,
12/18/20 22:45:00,6.881,4.950,6.057,,
12/18/20 23:00:00,6.748,4.859,5.960,7.906,7.555
12/18/20 23:15:00,6.637,4.796,5.891,,
12/18/20 23:30:00,6.530,4.722,5.824,,
12/18/20 23:45:00,6.430,4.652,5.738,,
12/19/20 00:00:00,6.342,4.574,5.627,7.423,7.012
12/19/20 00:15:00,6.260,4.511,5.533,,
12/19/20 00:30:00,6.153,4.444,5.438,,
12/19/20 00:45:00,6.017,4.358,5.334,,
12/19/20 01:00:00,5.864,4.239,5.208,6.864,6.441
12/19/20 01:15:00,5.719,4.130,5.081,,
12/19/20 01:30:00,5.584,4.022,4.953,,
12/19/20 01:45:00,5.472,3.915,4.848,,
12/19/20 02:00:00,5.382,3.835,4.767,6.330,6.068
12/19/20 02:15:00,5.290,3.776,4.702,,
12/19/20 02:30:00,5.208,3.738,4.654,,
12/19/20 02:45:00,5.131,3.712,4.582,,
12/19/20 03:00:00,5.048,3.668,4.473,5.946,5.444
12/19/20 03:15:00,4.943,3.582,4.338,,
12/19/20 03:30:00,4.803,3.452,4.144,,
12/19/20 03:45:00,4.652,3.297,3.935,,
12/19/20 04:00:00,4.511,3.188,3.812,5.313,5.234
12/19/20 04:15:00,4.403,3.133,3.779,,
12/19/20 04:30:00,4.390,3.163,3.820,,
12/19/20 04:45:00,4.430,3.229,3.896,,
12/19/20 05:00:00,4.451,3.287,3.938,5.379,5.311
12/19/20 05:15:00,4.457,3.335,3.969,,
12/19/20 05:30:00,4.473,3.376,3.992,,
12/19/20 05:45:00,4.490,3.426,4.046,,
12/19/20 06:00:00,4.547,3.507,4.141,6.164,5.443
12/19/20 06:15:00,4.670,3.633,4.311,,
12/19/20 06:30:00,4.871,3.832,4.535,,
12/19/20 06:45:00,5.152,4.068,4.812,,
12/19/20 07:00:00,5.497,4.351,5.161,9.501,6.541
12/19/20 07:15:00,5.894,4.665,5.538,,
12/19/20 07:30:00,7.099,5.116,6.094,,
12/19/20 07:45:00,8.140,5.440,6.531,,
12/19/20 08:00:00,9.157,5.720,6.884,16.222,10.825
12/19/20 08:15:00,10.110,5.992,7.314,,
12/19/20 08:30:00,11.845,6.086,7.453,,
12/19/20 08:45:00,13.406,6.186,7.655,,
12/19/20 09:00:00,14.483,6.295,7.918,20.692,17.738
12/19/20 09:15:00,14.119,6.423,8.255,,
12/19/20 09:30:00,13.739,6.566,8.632,,
12/19/20 09:45:00,13.562,6.672,9.039,,
12/19/20 10:00:00,13.622,6.824,9.352,21.328,20.977
12/19/20 10:15:00,13.969,7.085,9.803,,
12/19/20 10:30:00,14.382,7.432,10.257,,
12/19/20 10:45:00,14.936,7.912,10.898,,
12/19/20 11:00:00,15.597,8.514,11.680,20.635,19.842
12/19/20 11:15:00,15.918,8.967,12.279,,
12/19/20 11:30:00,16.018,9.332,12.752,,
12/19/20 11:45:00,16.192,9.725,13.203,,
12/19/20 12:00:00,16.250,9.895,13.120,19.527,19.309
12/19/20 12:15:00,16.502,10.161,13.306,,
12/19/20 12:30:00,17.022,10.652,13.715,,
12/19/20 12:45:00,17.437,11.499,14.129,,
12/19/20 13:00:00,17.619,12.293,14.354,19.310,19.029
12/19/20 13:15:00,17.782,13.287,14.604,,
12/19/20 13:30:00,17.639,13.294,14.601,,
12/19/20 13:45:00,17.427,13.228,14.879,,
12/19/20 14:00:00,17.223,12.815,15.049,18.992,18.411
12/19/20 14:15:00,16.921,12.276,15.036,,
12/19/20 14:30:00,16.653,11.712,14.848,,
12/19/20 14:45:00,16.423,11.251,14.478,,
12/19/20 15:00:00,15.789,10.142,13.667,17.739,16.192
12/19/20 15:15:00,14.897,9.016,12.831,,
12/19/20 15:30:00,14.274,8.723,12.542,,
12/19/20 15:45:00,13.952,8.785,12.497,,
12/19/20 16:00:00,13.648,8.717,12.207,15.883,14.858
12/19/20 16:15:00,13.407,8.702,11.980,,
12/19/20 16:30:00,13.091,8.542,11.675,,
12/19/20 16:45:00,12.757,8.339,11.333,,
12/19/20 17:00:00,12.403,8.096,10.977,14.463,12.861
12/19/20 17:15:00,11.963,7.776,10.550,,
12/19/20 17:30:00,11.438,7.431,10.038,,
12/19/20 17:45:00,10.940,7.088,9.563,,
12/19/20 18:00:00,10.490,6.737,9.142,12.361,11.285
12/19/20 18:15:00,10.075,6.390,8.753,,
12/19/20 18:30:00,9.745,6.105,8.453,,
12/19/20 18:45:00,9.527,5.931,8.299,,
12/19/20 19:00:00,9.421,5.861,8.226,11.145,10.652
12/19/20 19:15:00,9.338,5.807,8.157,,
12/19/20 19:30:00,9.239,5.747,8.060,,
12/19/20 19:45:00,9.097,5.653,7.881,,
