date;To;Ig;RH;P;WS;WD
24/03/2023 00:00;1.8;0;90;29.728;3;67.5
24/03/2023 01:00;1.1;0;90;29.756;2;90
24/03/2023 02:00;0.8;0;89;29.764;1;67.5
24/03/2023 03:00;0.7;0;90;29.755;0;
24/03/2023 04:00;0.6;0;90;29.753;0;
24/03/2023 05:00;-0.1;0;90;29.743;1;67.5
24/03/2023 06:00;-0.6;0;90;29.746;1;67.5
24/03/2023 07:00;-1.3;0;91;29.75;0;292.5
24/03/2023 08:00;-1.7;0;91;29.782;0;337.5
24/03/2023 09:00;-1.2;17;92;29.793;2;0
24/03/2023 10:00;1.6;232;90;29.808;1;0
24/03/2023 11:00;4.2;488;82;29.818;0;292.5
24/03/2023 12:00;5.4;722;64;29.81;1;315
24/03/2023 13:00;4.9;915;64;29.813;4;90
24/03/2023 14:00;6.7;987;58;29.787;3;112.5
24/03/2023 15:00;8.1;1040;50;29.745;4;45
24/03/2023 16:00;8.8;861;46;29.713;6;45
24/03/2023 17:00;9.2;359;52;29.682;8;22.5
24/03/2023 18:00;9.3;670;51;29.659;13;45
24/03/2023 19:00;7.8;457;70;29.656;16;67.5
24/03/2023 20:00;4.5;171;82;29.661;17;45
24/03/2023 21:00;2.4;5;89;29.71;13;45
24/03/2023 22:00;1.9;0;90;29.758;9;67.5
24/03/2023 23:00;1.3;0;90;29.798;8;67.5
25/03/2023 00:00;0.6;0;91;29.823;6;67.5
25/03/2023 01:00;0.2;0;90;29.821;4;90
25/03/2023 02:00;-0.3;0;86;29.84;4;90
25/03/2023 03:00;-0.8;0;86;29.845;3;67.5
25/03/2023 04:00;-1.3;0;87;29.837;1;67.5
25/03/2023 05:00;-1.5;0;89;29.821;1;45
25/03/2023 06:00;-1.9;0;90;29.819;0;22.5
25/03/2023 07:00;-2.1;0;90;29.806;0;337.5
25/03/2023 08:00;-2.7;0;91;29.807;0;337.5
25/03/2023 09:00;-2.1;13;92;29.817;0;315
25/03/2023 10:00;-0.4;226;90;29.836;1;315
25/03/2023 11:00;1.6;457;85;29.847;3;270
25/03/2023 12:00;3.7;706;80;29.85;5;225
25/03/2023 13:00;7.3;879;70;29.835;4;225
25/03/2023 14:00;9.2;991;44;29.823;4;202.5
25/03/2023 15:00;10.5;1023;46;29.799;3;180
25/03/2023 16:00;11.7;986;43;29.758;3;202.5
25/03/2023 17:00;11.9;876;41;29.705;4;315
25/03/2023 18:00;9.2;507;60;29.685;10;67.5
25/03/2023 19:00;7.3;145;71;29.668;15;45
25/03/2023 20:00;4.7;83;81;29.694;16;67.5
25/03/2023 21:00;3;8;87;29.741;11;67.5
25/03/2023 22:00;2.5;0;89;29.791;9;67.5
25/03/2023 23:00;2;0;88;29.809;8;67.5
26/03/2023 00:00;1.7;0;89;29.838;3;67.5
26/03/2023 01:00;1.1;0;89;29.851;0;22.5
26/03/2023 02:00;0.3;0;90;29.857;2;0
26/03/2023 03:00;0.2;0;90;29.808;0;22.5
26/03/2023 04:00;-0.1;0;91;29.786;0;
26/03/2023 05:00;-1.4;0;91;29.76;2;67.5
26/03/2023 06:00;-2.1;0;92;29.778;0;67.5
26/03/2023 07:00;-2.5;0;92;29.779;0;90
26/03/2023 08:00;-3.4;0;92;29.804;0;270
26/03/2023 09:00;-2.8;5;92;29.816;3;315
26/03/2023 10:00;-1.3;102;93;29.84;1;315
26/03/2023 11:00;1.1;297;93;29.846;1;0
26/03/2023 12:00;4.5;569;89;29.824;4;225
26/03/2023 13:00;7.6;735;74;29.804;3;180
26/03/2023 14:00;9.1;947;59;29.774;4;202.5
26/03/2023 15:00;9.9;743;50;29.755;3;202.5
26/03/2023 16:00;11.4;746;41;29.733;5;180
26/03/2023 17:00;10;803;50;29.703;7;45
26/03/2023 18:00;12.1;757;38;29.704;6;45
26/03/2023 19:00;8.6;207;62;29.721;7;45
26/03/2023 20:00;3.9;10;83;29.767;7;180
26/03/2023 21:00;1.6;0;91;29.788;3;90
26/03/2023 22:00;1.5;0;92;29.798;3;225
26/03/2023 23:00;2.3;0;92;29.83;5;180
27/03/2023 00:00;2.2;0;92;29.851;4;0
27/03/2023 01:00;1.9;0;92;29.841;3;0
27/03/2023 02:00;2.3;0;92;29.827;0;0
27/03/2023 03:00;2.6;0;92;29.812;0;202.5
27/03/2023 04:00;2.2;0;92;29.791;1;0
27/03/2023 05:00;1.8;0;92;29.767;1;247.5
27/03/2023 06:00;1.2;0;92;29.765;1;0
27/03/2023 07:00;1.1;0;92;29.769;2;0
27/03/2023 08:00;0.6;0;92;29.761;0;0
27/03/2023 09:00;0.9;5;92;29.784;2;0
27/03/2023 10:00;1.7;58;92;29.799;1;0
27/03/2023 11:00;4.2;319;88;29.786;2;247.5
27/03/2023 12:00;6.1;478;79;29.78;0;292.5
27/03/2023 13:00;8.4;938;69;29.766;3;180
27/03/2023 14:00;9;946;63;29.738;6;202.5
27/03/2023 21:00;1.2;0;92;29.848;0;
27/03/2023 22:00;1.5;0;92;29.884;0;202.5
27/03/2023 23:00;1.6;0;92;29.875;2;202.5
28/03/2023 00:00;0.8;0;92;29.882;2;67.5
28/03/2023 01:00;0.7;0;93;29.875;1;0
28/03/2023 02:00;1.2;0;93;29.864;1;202.5
28/03/2023 03:00;1.2;0;93;29.866;0;202.5
28/03/2023 04:00;1.3;0;93;29.859;2;225
28/03/2023 05:00;1.3;8;93;29.88;3;0
28/03/2023 06:00;1.7;92;93;29.897;6;0
28/03/2023 07:00;3.2;217;91;29.924;5;225
28/03/2023 08:00;4.7;384;84;29.936;4;202.5
28/03/2023 09:00;6.7;753;78;29.893;3;202.5
28/03/2023 10:00;7.6;733;71;29.869;4;202.5
28/03/2023 11:00;9.6;984;60;29.815;2;180
28/03/2023 12:00;10.2;944;54;29.777;3;202.5
28/03/2023 13:00;8.1;507;72;29.753;13;45
28/03/2023 14:00;9;709;61;29.731;11;45
28/03/2023 15:00;7.1;295;74;29.761;15;45
28/03/2023 16:00;4.8;61;83;29.788;13;67.5
28/03/2023 17:00;3.9;5;86;29.814;12;135
28/03/2023 18:00;3.9;0;85;29.846;6;90
28/03/2023 19:00;2.9;0;88;29.873;4;67.5
28/03/2023 20:00;2.3;0;90;29.883;2;45
28/03/2023 21:00;1.9;0;91;29.885;0;202.5
28/03/2023 22:00;0.7;0;91;29.883;1;270
28/03/2023 23:00;0.2;0;92;29.879;3;225
29/03/2023 00:00;0.4;0;92;29.87;4;247.5
29/03/2023 01:00;-0.8;0;92;29.854;4;292.5
29/03/2023 02:00;-0.2;0;93;29.847;2;315
29/03/2023 03:00;-1.1;0;93;29.834;2;315
29/03/2023 04:00;-2.1;0;93;29.869;2;315
29/03/2023 05:00;-2.4;6;93;29.896;0;315
29/03/2023 06:00;-2.2;111;93;29.919;0;292.5
29/03/2023 07:00;0.3;289;93;29.934;1;0
29/03/2023 08:00;3.2;530;94;29.918;2;202.5
29/03/2023 09:00;6.6;871;88;29.883;5;225
29/03/2023 10:00;9.1;1034;61;29.863;7;202.5
29/03/2023 11:00;10;989;52;29.844;5;202.5
29/03/2023 12:00;9.9;903;48;29.83;6;90
29/03/2023 13:00;11.7;906;45;29.813;7;112.5
29/03/2023 14:00;10.6;374;49;29.774;9;45
29/03/2023 15:00;10.5;414;51;29.772;12;45
29/03/2023 16:00;8.1;151;59;29.775;17;45
29/03/2023 17:00;5.3;6;65;29.802;14;45
29/03/2023 18:00;4.2;0;69;29.845;7;67.5
29/03/2023 19:00;2.8;0;72;29.865;3;67.5
29/03/2023 20:00;1.7;0;80;29.87;3;67.5
29/03/2023 21:00;1.7;0;78;29.886;1;67.5
29/03/2023 22:00;1.2;0;77;29.885;0;270
29/03/2023 23:00;0.3;0;82;29.869;1;292.5
30/03/2023 00:00;-0.2;0;80;29.867;3;0
30/03/2023 01:00;-0.7;0;84;29.854;2;0
30/03/2023 02:00;-1.3;0;86;29.856;0;
30/03/2023 03:00;-1.7;0;82;29.845;2;337.5
30/03/2023 04:00;-1.5;0;81;29.858;0;337.5
30/03/2023 05:00;-1.2;12;82;29.882;0;0
30/03/2023 06:00;0.9;195;76;29.901;1;270
30/03/2023 07:00;4.9;466;64;29.899;1;270
30/03/2023 08:00;6.9;686;40;29.889;1;202.5
30/03/2023 09:00;8.9;859;32;29.892;1;45
30/03/2023 10:00;9.9;1011;32;29.869;3;315
30/03/2023 11:00;10.4;927;32;29.836;5;90
30/03/2023 12:00;11.2;964;32;29.796;6;45
30/03/2023 13:00;12.1;807;32;29.75;8;67.5
30/03/2023 14:00;10.8;372;41;29.724;9;45
30/03/2023 15:00;9.9;315;45;29.728;15;45
30/03/2023 16:00;7.6;153;57;29.754;15;45
30/03/2023 17:00;5.3;4;60;29.78;13;45
30/03/2023 18:00;3.8;0;62;29.804;9;45
30/03/2023 19:00;2.7;0;76;29.826;4;67.5
30/03/2023 20:00;2.1;0;83;29.828;4;67.5
30/03/2023 21:00;2.1;0;81;29.826;1;45
30/03/2023 22:00;1.4;0;79;29.816;3;67.5
30/03/2023 23:00;1.4;0;75;29.808;3;67.5
31/03/2023 00:00;0.3;0;79;29.786;4;337.5
31/03/2023 01:00;-0.3;0;83;29.78;2;315
31/03/2023 02:00;-0.3;0;83;29.767;1;270
31/03/2023 03:00;-0.1;0;86;29.758;1;270
31/03/2023 04:00;-0.3;0;85;29.769;2;315
31/03/2023 05:00;-0.3;11;84;29.787;4;337.5
31/03/2023 06:00;2.3;202;79;29.793;3;315
31/03/2023 07:00;5.2;467;59;29.788;3;292.5
31/03/2023 08:00;8.2;681;38;29.804;2;225
31/03/2023 09:00;8.7;852;37;29.808;2;180
31/03/2023 10:00;10.2;961;39;29.784;3;135
31/03/2023 11:00;11.4;1049;39;29.744;4;180
31/03/2023 12:00;11.8;973;37;29.708;4;135
31/03/2023 13:00;11.9;698;36;29.678;8;135
31/03/2023 14:00;11.6;457;40;29.663;11;67.5
31/03/2023 15:00;10.3;426;42;29.673;15;45
31/03/2023 16:00;7.8;168;47;29.693;16;45
31/03/2023 17:00;4.8;6;49;29.739;13;45
31/03/2023 18:00;2.9;0;57;29.762;10;45
31/03/2023 19:00;2.9;0;57;29.78;9;45
31/03/2023 20:00;1.8;0;64;29.781;5;45
31/03/2023 21:00;0.3;0;73;29.783;2;90
31/03/2023 22:00;-0.1;0;75;29.779;2;67.5
31/03/2023 23:00;-0.1;0;74;29.77;1;67.5
1/04/2023 00:00;-0.9;0;74;29.762;2;292.5
1/04/2023 01:00;-1.4;0;77;29.748;1;337.5
1/04/2023 02:00;-1.7;0;76;29.749;2;337.5
1/04/2023 03:00;-2.1;0;82;29.746;1;315
1/04/2023 04:00;-2.4;0;84;29.782;2;292.5
1/04/2023 05:00;-1.6;11;85;29.782;2;315
1/04/2023 06:00;1.3;187;77;29.794;4;337.5
1/04/2023 07:00;4.7;456;63;29.798;2;247.5
1/04/2023 08:00;7.1;681;53;29.8;5;202.5
1/04/2023 09:00;8.9;853;52;29.779;6;202.5
1/04/2023 10:00;9.8;753;51;29.754;8;180
1/04/2023 11:00;11;573;47;29.723;9;112.5
1/04/2023 12:00;11.9;1027;43;29.704;10;112.5
1/04/2023 13:00;12.5;786;39;29.664;8;135
1/04/2023 14:00;11.9;562;42;29.651;12;45
1/04/2023 15:00;10.3;387;49;29.665;16;45
1/04/2023 16:00;7.8;169;60;29.665;16;67.5
1/04/2023 17:00;4.4;6;73;29.697;12;67.5
1/04/2023 18:00;3.3;0;78;29.766;5;67.5
1/04/2023 19:00;2.6;0;81;29.809;7;90
1/04/2023 20:00;1.1;0;85;29.824;3;67.5
1/04/2023 21:00;1.5;0;81;29.82;2;45
1/04/2023 22:00;1.1;0;84;29.821;1;315
1/04/2023 23:00;-0.3;0;87;29.807;1;337.5
2/04/2023 00:00;0.6;0;85;29.786;2;337.5
2/04/2023 01:00;-0.9;0;88;29.771;1;337.5
2/04/2023 02:00;-1.3;0;88;29.782;0;337.5
2/04/2023 03:00;-2.5;0;89;29.776;0;292.5
2/04/2023 04:00;-1.8;0;90;29.782;1;315
2/04/2023 05:00;-1.7;13;89;29.795;3;337.5
2/04/2023 06:00;-0.2;142;89;29.804;2;292.5
2/04/2023 07:00;3.3;366;84;29.812;2;292.5
2/04/2023 08:00;7.9;617;59;29.805;2;270
2/04/2023 09:00;9.5;847;56;29.796;1;202.5
2/04/2023 10:00;10.9;955;53;29.767;3;67.5
2/04/2023 11:00;12.6;1029;50;29.741;3;90
2/04/2023 12:00;11.5;832;46;29.691;3;67.5
2/04/2023 13:00;11.2;292;48;29.675;4;45
2/04/2023 14:00;9.8;220;54;29.673;10;315
2/04/2023 15:00;9.4;289;58;29.69;15;45
2/04/2023 16:00;7.6;87;63;29.723;16;45
2/04/2023 17:00;6.1;8;67;29.75;11;45
2/04/2023 18:00;5.5;0;68;29.779;8;45
2/04/2023 19:00;4.4;0;73;29.815;6;45
2/04/2023 20:00;3.1;0;76;29.84;3;90
2/04/2023 21:00;2.5;0;76;29.831;2;45
2/04/2023 22:00;2.3;0;74;29.829;0;45
2/04/2023 23:00;0.9;0;83;29.822;1;315
3/04/2023 00:00;0.7;0;83;29.805;1;315
3/04/2023 01:00;0.4;0;84;29.795;3;337.5
3/04/2023 02:00;0.8;0;83;29.787;2;337.5
3/04/2023 03:00;0.8;0;85;29.78;0;315
3/04/2023 04:00;0.9;0;87;29.77;2;315
3/04/2023 05:00;0.9;11;88;29.784;3;315
3/04/2023 06:00;3.7;183;85;29.785;4;315
3/04/2023 07:00;6.8;430;71;29.776;6;225
3/04/2023 08:00;9.7;658;58;29.78;3;202.5
3/04/2023 09:00;10.8;845;52;29.781;3;315
3/04/2023 10:00;11.3;912;50;29.731;3;180
3/04/2023 11:00;12.6;1016;43;29.69;4;180
3/04/2023 12:00;6.4;506;72;29.694;10;45
3/04/2023 13:00;8.7;311;68;29.672;6;0
3/04/2023 14:00;6.9;185;79;29.666;10;202.5
3/04/2023 15:00;5.6;92;86;29.711;10;292.5
3/04/2023 16:00;6.4;73;84;29.734;6;292.5
3/04/2023 17:00;5.8;3;82;29.766;2;337.5
3/04/2023 18:00;4.1;0;86;29.784;4;67.5
3/04/2023 19:00;4.6;0;77;29.825;2;22.5
3/04/2023 20:00;3.1;0;84;29.838;0;315
3/04/2023 21:00;2.3;0;88;29.836;0;315
3/04/2023 22:00;2.4;0;88;29.815;1;0
3/04/2023 23:00;2.6;0;90;29.797;1;0
4/04/2023 00:00;0.6;0;91;29.782;1;67.5
4/04/2023 01:00;0.3;0;91;29.759;0;67.5
4/04/2023 02:00;-1.2;0;91;29.769;1;270
4/04/2023 03:00;-0.1;0;92;29.791;2;292.5
4/04/2023 04:00;0.5;0;92;29.802;1;0
4/04/2023 05:00;-0.1;6;92;29.816;2;0
4/04/2023 06:00;-1.1;81;93;29.829;1;0
4/04/2023 07:00;0.8;228;93;29.849;0;0
4/04/2023 08:00;4.7;574;94;29.836;0;0
4/04/2023 09:00;7.9;842;70;29.815;1;315
4/04/2023 10:00;10.2;948;50;29.794;3;45
4/04/2023 11:00;12.4;1001;45;29.757;3;315
4/04/2023 12:00;11.8;658;42;29.736;3;45
4/04/2023 13:00;11.4;285;49;29.723;9;45
4/04/2023 14:00;11.8;622;47;29.706;14;45
4/04/2023 15:00;9.5;425;53;29.719;17;45
4/04/2023 16:00;7.3;131;60;29.722;15;45
4/04/2023 17:00;4.8;5;66;29.752;10;67.5
4/04/2023 18:00;3.4;0;78;29.796;6;67.5
4/04/2023 19:00;2.6;0;78;29.829;3;90
4/04/2023 20:00;1.1;0;83;29.837;2;90
4/04/2023 21:00;1.2;0;79;29.827;2;67.5
4/04/2023 22:00;0.7;0;80;29.833;2;67.5
4/04/2023 23:00;-0.3;0;82;29.843;2;0
5/04/2023 00:00;-0.8;0;84;29.83;2;315
5/04/2023 01:00;-0.8;0;81;29.813;3;0
5/04/2023 02:00;-1.9;0;82;29.8;1;315
5/04/2023 03:00;-2.1;0;81;29.797;1;337.5
5/04/2023 04:00;-2.3;0;81;29.8;1;0
5/04/2023 05:00;-3.1;11;86;29.837;0;292.5
5/04/2023 06:00;0.9;194;77;29.856;0;292.5
5/04/2023 07:00;4.3;455;58;29.843;1;270
5/04/2023 08:00;5.8;609;49;29.845;2;90
5/04/2023 09:00;9.4;820;37;29.828;1;67.5
5/04/2023 10:00;11.2;935;34;29.784;2;315
5/04/2023 11:00;11.5;955;30;29.761;5;45
5/04/2023 12:00;12;915;28;29.735;8;67.5
5/04/2023 13:00;12.2;821;30;29.709;11;45
5/04/2023 14:00;10.9;623;32;29.691;15;45
5/04/2023 15:00;8.1;311;43;29.697;19;45
5/04/2023 16:00;5.2;76;57;29.738;18;45
5/04/2023 17:00;3.7;2;63;29.776;11;45
5/04/2023 18:00;2.9;0;57;29.794;8;45
5/04/2023 19:00;2;0;67;29.833;5;67.5
5/04/2023 20:00;1.3;0;69;29.836;4;67.5
5/04/2023 21:00;0.6;0;71;29.829;3;67.5
5/04/2023 22:00;0.4;0;71;29.82;2;67.5
5/04/2023 23:00;0.2;0;68;29.811;3;67.5
6/04/2023 00:00;-0.7;0;75;29.796;1;67.5
6/04/2023 01:00;1.1;0;61;29.777;3;45
6/04/2023 02:00;1;0;62;29.776;0;22.5
6/04/2023 03:00;-0.2;0;72;29.769;0;225
6/04/2023 04:00;-1.3;0;75;29.784;1;270
6/04/2023 05:00;-1.8;5;78;29.815;1;292.5
6/04/2023 06:00;1.7;173;76;29.832;1;292.5
6/04/2023 07:00;5.3;449;56;29.813;1;315
6/04/2023 08:00;6.9;673;43;29.83;1;180
6/04/2023 09:00;8.9;839;36;29.813;2;67.5
6/04/2023 10:00;10.4;944;32;29.795;3;67.5
6/04/2023 11:00;11.3;972;32;29.763;7;135
6/04/2023 12:00;12.9;924;31;29.735;8;90
6/04/2023 13:00;12.8;793;27;29.709;8;67.5
6/04/2023 14:00;12.2;633;27;29.702;13;45
6/04/2023 15:00;11.2;404;28;29.711;15;45
6/04/2023 16:00;8.4;139;26;29.73;17;45
6/04/2023 17:00;5.4;4;30;29.749;11;45
6/04/2023 18:00;3.6;0;42;29.797;6;90
6/04/2023 19:00;3;0;47;29.835;3;90
6/04/2023 20:00;1.9;0;53;29.846;2;90
6/04/2023 21:00;2.2;0;47;29.833;1;67.5
6/04/2023 22:00;0.9;0;54;29.812;1;337.5
6/04/2023 23:00;-2.4;0;75;29.795;2;337.5
7/04/2023 00:00;-1.8;0;68;29.787;3;315
7/04/2023 01:00;-3;0;74;29.78;2;315
7/04/2023 02:00;-2.9;0;74;29.78;2;315
7/04/2023 03:00;-2.8;0;67;29.783;4;337.5
7/04/2023 04:00;-3.9;0;75;29.803;4;315
7/04/2023 05:00;-3.2;10;72;29.831;2;315
7/04/2023 06:00;0.4;185;62;29.855;4;315
7/04/2023 07:00;4.9;451;47;29.864;2;315
7/04/2023 08:00;9.8;671;29;29.864;0;157.5
7/04/2023 09:00;10.6;845;32;29.856;2;135
7/04/2023 10:00;11.7;943;28;29.83;4;90
7/04/2023 11:00;13.4;977;21;29.812;5;67.5
7/04/2023 12:00;14.6;929;22;29.768;6;90
7/04/2023 13:00;14.9;812;15;29.735;7;67.5
7/04/2023 14:00;14.3;631;23;29.729;11;45
7/04/2023 15:00;13.2;403;24;29.714;13;45
7/04/2023 16:00;10;138;32;29.74;18;45
7/04/2023 17:00;6.3;3;40;29.764;14;45
7/04/2023 18:00;4.2;0;48;29.807;6;67.5
7/04/2023 19:00;3.3;0;50;29.822;5;67.5
7/04/2023 20:00;2.4;0;50;29.845;2;67.5
7/04/2023 21:00;2.8;0;47;29.85;1;247.5
7/04/2023 22:00;0.1;0;55;29.85;1;315
7/04/2023 23:00;-0.9;0;54;29.86;3;337.5
8/04/2023 00:00;-1.9;0;62;29.848;4;337.5
8/04/2023 01:00;-2.9;0;73;29.829;2;315
8/04/2023 02:00;-1.7;0;65;29.814;3;337.5
8/04/2023 03:00;-3;0;71;29.822;2;337.5
8/04/2023 04:00;-3.6;0;78;29.832;2;292.5
8/04/2023 05:00;-2.7;8;80;29.86;3;292.5
8/04/2023 06:00;2;162;74;29.862;3;292.5
8/04/2023 07:00;4.6;292;68;29.85;4;247.5
8/04/2023 08:00;7.8;548;64;29.841;6;247.5
8/04/2023 09:00;9.3;597;63;29.824;6;202.5
8/04/2023 10:00;11.9;745;47;29.807;5;202.5
8/04/2023 11:00;12.3;933;35;29.802;3;202.5
8/04/2023 12:00;13.2;915;34;29.775;3;67.5
8/04/2023 13:00;14.4;856;30;29.734;3;67.5
8/04/2023 14:00;12.1;510;36;29.726;13;45
8/04/2023 15:00;10.4;341;42;29.732;18;45
8/04/2023 16:00;7.7;117;48;29.758;17;45
8/04/2023 17:00;5.4;5;50;29.823;10;45
8/04/2023 18:00;4.6;0;54;29.854;5;67.5
8/04/2023 19:00;3.4;0;55;29.905;3;67.5
8/04/2023 20:00;2.1;0;58;29.925;4;67.5
8/04/2023 21:00;1.8;0;58;29.919;2;67.5
8/04/2023 22:00;2.8;0;50;29.911;0;67.5
8/04/2023 23:00;2.3;0;51;29.889;0;67.5
9/04/2023 00:00;0.2;0;65;29.861;0;315
9/04/2023 01:00;1.4;0;54;29.841;1;337.5
9/04/2023 02:00;-1.9;0;76;29.807;1;292.5
9/04/2023 03:00;-0.9;0;64;29.794;1;315
9/04/2023 04:00;-3.2;0;79;29.792;0;337.5
9/04/2023 05:00;-1.8;12;68;29.824;0;315
9/04/2023 06:00;0.6;188;68;29.828;1;292.5
9/04/2023 07:00;5.6;450;53;29.828;0;270
9/04/2023 08:00;7.7;664;37;29.845;3;90
9/04/2023 09:00;9.8;833;28;29.845;6;67.5
9/04/2023 10:00;11.4;936;27;29.811;6;67.5
9/04/2023 11:00;12.9;966;23;29.779;6;45
9/04/2023 12:00;13.5;916;24;29.748;6;45
9/04/2023 13:00;13.3;801;26;29.708;10;67.5
9/04/2023 14:00;12.8;621;30;29.682;12;45
9/04/2023 15:00;10.9;387;37;29.677;17;45
9/04/2023 16:00;7.6;128;50;29.706;18;45
9/04/2023 17:00;4.7;3;56;29.76;12;45
9/04/2023 18:00;3;0;67;29.797;6;67.5
9/04/2023 19:00;2.6;0;60;29.819;7;67.5
9/04/2023 20:00;1;0;74;29.83;6;45
9/04/2023 21:00;-0.4;0;83;29.818;1;67.5
9/04/2023 22:00;-0.8;0;83;29.841;2;67.5
9/04/2023 23:00;-1.3;0;79;29.836;2;67.5
10/04/2023 00:00;-2.3;0;79;29.814;3;67.5
10/04/2023 01:00;-1.4;0;82;29.8;2;67.5
10/04/2023 02:00;-2.8;0;79;29.816;1;45
10/04/2023 03:00;-2.9;0;78;29.82;1;292.5
10/04/2023 04:00;-4.4;0;83;29.842;2;315
10/04/2023 05:00;-3.8;10;80;29.859;3;315
10/04/2023 06:00;-0.7;182;79;29.875;2;315
10/04/2023 07:00;4.8;441;53;29.866;2;292.5
10/04/2023 08:00;8.1;659;30;29.892;0;180
10/04/2023 09:00;10.4;828;26;29.876;1;202.5
10/04/2023 10:00;10.9;929;25;29.836;3;45
10/04/2023 11:00;12.8;955;24;29.805;4;315
10/04/2023 12:00;13.7;906;23;29.775;4;315
10/04/2023 13:00;13.2;634;23;29.75;4;292.5
10/04/2023 14:00;12.6;371;29;29.742;12;45
10/04/2023 15:00;11.3;374;33;29.751;16;45
10/04/2023 16:00;9;126;38;29.768;16;45
10/04/2023 17:00;5.9;3;52;29.781;9;45
10/04/2023 18:00;4.2;0;53;29.808;5;90
10/04/2023 19:00;3.2;0;57;29.836;3;67.5
10/04/2023 20:00;2.7;0;48;29.869;4;67.5
10/04/2023 21:00;1.5;0;57;29.868;2;45
10/04/2023 22:00;-0.5;0;71;29.86;1;292.5
10/04/2023 23:00;-0.7;0;72;29.843;2;315
11/04/2023 00:00;-1.7;0;72;29.827;2;337.5
11/04/2023 01:00;-3.7;0;80;29.815;1;337.5
11/04/2023 02:00;-2.9;0;70;29.822;3;0
11/04/2023 03:00;-4.8;0;80;29.823;0;315
11/04/2023 04:00;-5.2;0;78;29.827;1;315
11/04/2023 05:00;-4.3;7;76;29.846;2;315
11/04/2023 06:00;-1.3;175;75;29.862;3;315
11/04/2023 07:00;3.8;447;63;29.853;1;292.5
11/04/2023 08:00;6.9;662;35;29.849;0;90
11/04/2023 09:00;8.8;829;32;29.85;3;67.5
11/04/2023 10:00;10.6;930;29;29.829;6;67.5
11/04/2023 11:00;11.8;955;25;29.802;7;45
11/04/2023 12:00;12.6;909;19;29.78;10;45
11/04/2023 13:00;13.2;795;23;29.758;10;45
11/04/2023 14:00;11.4;611;29;29.735;17;45
11/04/2023 15:00;9.6;387;43;29.776;18;45
11/04/2023 16:00;6.8;125;50;29.805;16;45
11/04/2023 17:00;4.1;3;60;29.832;9;67.5
11/04/2023 18:00;2.8;0;60;29.875;6;67.5
11/04/2023 19:00;2.1;0;64;29.907;3;45
11/04/2023 20:00;0.2;0;74;29.909;4;67.5
11/04/2023 21:00;-0.8;0;74;29.914;4;67.5
11/04/2023 22:00;-1.9;0;76;29.919;1;292.5
11/04/2023 23:00;-3.8;0;82;29.922;1;292.5
12/04/2023 00:00;-4.9;0;82;29.907;4;337.5
12/04/2023 01:00;-6.4;0;84;29.898;2;337.5
12/04/2023 02:00;-6.1;0;87;29.897;2;315
12/04/2023 03:00;-6.7;0;86;29.918;3;337.5
12/04/2023 04:00;-7.2;0;86;29.939;3;337.5
12/04/2023 05:00;-7.4;6;86;29.95;1;315
12/04/2023 06:00;-4.1;182;81;29.965;2;315
12/04/2023 07:00;0.6;454;68;29.962;3;292.5
12/04/2023 08:00;6.2;668;49;29.959;2;292.5
12/04/2023 09:00;10.1;837;20;29.97;1;270
12/04/2023 10:00;11.4;940;15;29.939;2;112.5
12/04/2023 11:00;12.4;961;18;29.918;3;315
12/04/2023 12:00;13.6;911;13;29.889;4;157.5
12/04/2023 13:00;13.2;797;10;29.88;8;337.5
12/04/2023 14:00;12.9;609;23;29.867;10;45
12/04/2023 15:00;11.1;379;28;29.861;18;45
12/04/2023 16:00;8.6;118;40;29.87;15;45
12/04/2023 17:00;4.9;3;56;29.883;7;67.5
12/04/2023 18:00;2.5;0;70;29.906;4;90
12/04/2023 19:00;1.9;0;68;29.932;3;67.5
12/04/2023 20:00;0.7;0;71;29.947;2;292.5
12/04/2023 21:00;-1.1;0;70;29.973;2;315
12/04/2023 22:00;-1.4;0;62;29.99;3;337.5
12/04/2023 23:00;-2.1;0;57;29.97;3;337.5
13/04/2023 00:00;-2.5;0;60;29.957;2;315
13/04/2023 01:00;-2.6;0;56;29.932;2;337.5
13/04/2023 02:00;-4.3;0;68;29.921;0;292.5
13/04/2023 03:00;-4.6;0;79;29.915;2;292.5
13/04/2023 04:00;-3.8;0;70;29.936;3;337.5
13/04/2023 05:00;-4.9;9;73;29.962;3;315
13/04/2023 06:00;-0.3;162;68;29.959;3;315
13/04/2023 07:00;4.9;436;56;29.945;4;292.5
13/04/2023 08:00;8.4;657;40;29.929;4;225
13/04/2023 09:00;10.4;820;27;29.932;7;225
13/04/2023 10:00;11.8;915;21;29.917;7;202.5
13/04/2023 11:00;12.8;940;23;29.892;5;202.5
13/04/2023 12:00;13;926;16;29.861;5;202.5
13/04/2023 13:00;13.6;787;14;29.844;5;315
13/04/2023 14:00;14.1;611;13;29.825;4;202.5
13/04/2023 15:00;12.1;395;25;29.802;6;45
13/04/2023 16:00;9.2;116;36;29.833;17;45
13/04/2023 17:00;5.7;3;39;29.863;8;67.5
13/04/2023 18:00;4.1;0;45;29.893;3;67.5
13/04/2023 19:00;3.8;0;47;29.935;1;67.5
13/04/2023 20:00;3.7;0;41;29.956;0;270
13/04/2023 21:00;0.5;0;51;29.96;2;315
13/04/2023 22:00;-0.3;0;57;29.955;1;292.5
13/04/2023 23:00;-1.3;0;56;29.942;4;337.5
14/04/2023 00:00;-2.2;0;59;29.921;3;337.5
14/04/2023 01:00;-3.2;0;59;29.897;2;315
14/04/2023 02:00;-5.9;0;76;29.902;2;292.5
14/04/2023 03:00;-4.9;0;71;29.9;2;292.5
14/04/2023 04:00;-6.8;0;78;29.91;2;292.5
14/04/2023 05:00;-5.1;9;68;29.929;2;315
14/04/2023 06:00;-1.3;178;68;29.94;4;315
14/04/2023 07:00;4.6;439;46;29.943;5;315
14/04/2023 08:00;8.5;651;33;29.947;4;292.5
14/04/2023 09:00;10.3;815;29;29.936;11;247.5
14/04/2023 10:00;11.4;913;23;29.919;10;225
14/04/2023 11:00;12.2;940;21;29.894;6;202.5
14/04/2023 12:00;13;894;21;29.872;5;180
14/04/2023 13:00;13.3;781;20;29.846;4;202.5
14/04/2023 14:00;13.3;607;21;29.827;4;315
14/04/2023 15:00;12.2;387;30;29.816;5;315
14/04/2023 16:00;8.9;115;37;29.824;15;45
14/04/2023 17:00;5.6;2;45;29.869;6;67.5
14/04/2023 18:00;4.2;0;60;29.892;3;112.5
14/04/2023 19:00;2.6;0;64;29.934;2;90
14/04/2023 20:00;2.9;0;49;29.953;0;270
14/04/2023 21:00;0.3;0;66;29.951;1;315
14/04/2023 22:00;-0.4;0;61;29.947;2;337.5
14/04/2023 23:00;-1;0;57;29.939;3;315
15/04/2023 00:00;-1.4;0;58;29.919;2;315
15/04/2023 01:00;-2.6;0;65;29.908;2;292.5
15/04/2023 02:00;-3.1;0;69;29.907;1;315
15/04/2023 03:00;-2.6;0;61;29.907;3;337.5
15/04/2023 04:00;-4.5;0;68;29.903;3;337.5
15/04/2023 05:00;-5.9;7;80;29.912;2;292.5
15/04/2023 06:00;-0.4;157;72;29.928;3;292.5
15/04/2023 07:00;4.4;430;59;29.92;3;292.5
15/04/2023 08:00;8.5;644;38;29.91;6;225
15/04/2023 09:00;10.3;808;34;29.904;7;202.5
15/04/2023 10:00;11;912;29;29.885;6;180
15/04/2023 11:00;11;936;28;29.866;6;180
15/04/2023 12:00;12.8;893;26;29.84;4;202.5
15/04/2023 13:00;13.2;786;26;29.807;5;292.5
15/04/2023 14:00;13.8;660;28;29.782;3;180
15/04/2023 15:00;12;237;30;29.785;6;315
15/04/2023 16:00;9.1;84;34;29.812;11;45
15/04/2023 17:00;6.2;2;44;29.833;10;45
15/04/2023 18:00;4.6;0;52;29.856;4;112.5
15/04/2023 19:00;3.4;0;50;29.887;1;67.5
15/04/2023 20:00;2.8;0;55;29.906;0;270
15/04/2023 21:00;1.4;0;64;29.923;2;292.5
15/04/2023 22:00;-0.1;0;67;29.931;1;315
15/04/2023 23:00;-1;0;70;29.917;0;292.5
16/04/2023 00:00;-2.2;0;71;29.903;2;315
16/04/2023 01:00;-2.3;0;68;29.886;2;315
16/04/2023 02:00;-4.5;0;74;29.877;2;315
16/04/2023 03:00;-5.9;0;79;29.882;2;292.5
16/04/2023 04:00;-4.4;0;80;29.885;2;315
16/04/2023 05:00;-4.6;6;75;29.905;3;315
16/04/2023 06:00;-1.2;163;75;29.922;3;315
16/04/2023 07:00;5.7;430;53;29.934;4;292.5
16/04/2023 08:00;8;641;42;29.927;6;202.5
16/04/2023 09:00;9.9;805;38;29.913;6;202.5
16/04/2023 10:00;10.5;901;30;29.901;9;270
16/04/2023 11:00;11.8;925;29;29.879;7;270
16/04/2023 12:00;12.4;880;30;29.849;6;202.5
16/04/2023 13:00;12.8;748;27;29.827;5;315
16/04/2023 14:00;13.1;585;26;29.805;5;270
16/04/2023 15:00;12.7;364;27;29.809;5;270
16/04/2023 16:00;10.2;110;34;29.822;7;270
16/04/2023 17:00;6.2;2;43;29.836;7;67.5
16/04/2023 18:00;4.8;0;43;29.88;5;45
16/04/2023 19:00;2.7;0;52;29.919;2;112.5
16/04/2023 20:00;2.8;0;51;29.946;1;112.5
16/04/2023 21:00;3.5;0;57;29.947;1;337.5
16/04/2023 22:00;0.3;0;64;29.946;2;0
16/04/2023 23:00;-0.9;0;66;29.946;1;0
17/04/2023 00:00;-3.2;0;77;29.932;1;292.5
17/04/2023 01:00;-3.2;0;75;29.926;1;315
17/04/2023 02:00;-4.4;0;76;29.907;2;315
17/04/2023 03:00;-4.3;0;74;29.894;2;315
17/04/2023 04:00;-5.3;0;77;29.908;2;337.5
17/04/2023 05:00;-4.2;9;78;29.932;2;315
17/04/2023 06:00;-1.1;163;76;29.947;4;315
17/04/2023 07:00;4.9;428;60;29.95;4;292.5
17/04/2023 08:00;9.1;640;38;29.955;4;202.5
17/04/2023 09:00;10.8;802;33;29.944;5;202.5
17/04/2023 10:00;11.8;898;30;29.918;7;270
17/04/2023 11:00;12.6;922;29;29.887;5;202.5
17/04/2023 12:00;13.6;874;28;29.835;5;202.5
17/04/2023 13:00;13.7;760;28;29.802;5;270
17/04/2023 14:00;14.2;583;26;29.774;4;292.5
17/04/2023 15:00;13.4;318;27;29.786;2;202.5
17/04/2023 16:00;8.8;97;47;29.811;11;45
17/04/2023 17:00;6.1;2;44;29.852;10;45
17/04/2023 18:00;4.2;0;53;29.9;4;45
17/04/2023 19:00;3.2;0;59;29.924;2;90
17/04/2023 20:00;2.3;0;61;29.924;2;67.5
17/04/2023 21:00;2.3;0;64;29.927;1;315
17/04/2023 22:00;1;0;68;29.916;0;315
17/04/2023 23:00;-0.3;0;70;29.911;2;315
18/04/2023 00:00;-0.4;0;69;29.898;2;337.5
18/04/2023 01:00;-1.7;0;72;29.881;1;0
18/04/2023 02:00;-4.3;0;79;29.87;1;315
18/04/2023 03:00;-2.7;0;73;29.87;1;337.5
18/04/2023 04:00;-4.5;0;77;29.885;0;315
18/04/2023 05:00;-4.4;5;80;29.915;1;315
18/04/2023 06:00;-1;156;76;29.933;3;315
18/04/2023 07:00;5.1;423;59;29.929;2;292.5
18/04/2023 08:00;9.3;636;31;29.921;1;292.5
18/04/2023 09:00;11.1;798;26;29.915;4;315
18/04/2023 10:00;11.8;895;26;29.891;4;315
18/04/2023 11:00;13.2;923;25;29.862;4;180
18/04/2023 12:00;13.8;885;25;29.823;3;202.5
18/04/2023 13:00;14.5;803;24;29.786;3;180
18/04/2023 14:00;13.5;678;30;29.782;5;292.5
18/04/2023 15:00;12.7;360;32;29.785;13;45
18/04/2023 16:00;10.3;157;35;29.795;15;45
18/04/2023 17:00;6.8;2;44;29.828;9;45
18/04/2023 18:00;6.2;0;44;29.866;2;67.5
18/04/2023 19:00;4.7;0;56;29.891;1;270
18/04/2023 20:00;3.2;0;63;29.893;0;270
18/04/2023 21:00;1.1;0;70;29.878;3;337.5
18/04/2023 22:00;0.6;0;70;29.872;1;337.5
18/04/2023 23:00;-0.7;0;71;29.882;2;337.5
19/04/2023 00:00;-1.5;0;72;29.869;1;292.5
19/04/2023 01:00;-2.4;0;75;29.855;1;315
19/04/2023 02:00;-3.1;0;75;29.857;1;315
19/04/2023 03:00;-3.2;0;76;29.864;2;315
19/04/2023 04:00;-5.6;0;79;29.862;3;292.5
19/04/2023 05:00;-2.8;8;78;29.886;2;315
19/04/2023 06:00;1.1;166;66;29.898;0;270
19/04/2023 07:00;4.8;421;58;29.888;1;292.5
19/04/2023 08:00;9.3;632;36;29.891;1;270
19/04/2023 09:00;11.2;793;35;29.883;1;315
19/04/2023 10:00;12.3;886;28;29.844;6;292.5
19/04/2023 11:00;12.7;913;27;29.805;6;292.5
19/04/2023 12:00;13.8;870;26;29.767;4;315
19/04/2023 13:00;14.6;776;26;29.737;3;45
19/04/2023 14:00;12.7;481;38;29.706;11;45
19/04/2023 15:00;10.7;358;45;29.721;16;45
19/04/2023 16:00;7.3;100;51;29.755;18;45
19/04/2023 17:00;4.9;2;57;29.798;10;67.5
19/04/2023 18:00;3.3;0;69;29.849;5;90
19/04/2023 19:00;2.2;0;76;29.881;6;90
19/04/2023 20:00;0.4;0;81;29.897;5;67.5
19/04/2023 21:00;0.4;0;81;29.902;1;67.5
19/04/2023 22:00;-0.5;0;81;29.91;0;67.5
19/04/2023 23:00;-1.7;0;81;29.909;1;315
20/04/2023 00:00;-1.9;0;84;29.885;0;315
20/04/2023 01:00;-1.5;0;80;29.865;1;337.5
20/04/2023 02:00;-3.3;0;84;29.855;2;315
20/04/2023 03:00;-5.2;0;84;29.852;1;315
20/04/2023 04:00;-4.6;0;87;29.857;2;315
20/04/2023 05:00;-4;9;85;29.865;1;315
20/04/2023 06:00;-2;173;82;29.893;3;315
20/04/2023 07:00;4.3;414;63;29.892;3;225
20/04/2023 08:00;8.4;624;37;29.906;5;202.5
20/04/2023 09:00;10.9;785;31;29.888;3;247.5
20/04/2023 10:00;11.7;882;29;29.847;3;180
20/04/2023 11:00;12.5;905;30;29.817;6;180
20/04/2023 12:00;12.6;863;28;29.788;5;180
20/04/2023 13:00;13.8;769;25;29.753;4;45
20/04/2023 14:00;13.7;572;28;29.723;5;67.5
20/04/2023 15:00;11.9;287;35;29.713;14;67.5
20/04/2023 16:00;8.6;100;45;29.745;15;45
20/04/2023 17:00;5.9;2;50;29.788;7;67.5
20/04/2023 18:00;4.9;0;55;29.817;5;90
20/04/2023 19:00;2.3;0;66;29.842;4;67.5
20/04/2023 20:00;1.6;0;64;29.862;4;67.5
20/04/2023 21:00;-0.1;0;73;29.874;1;337.5
20/04/2023 22:00;-0.6;0;72;29.872;1;337.5
20/04/2023 23:00;-1.7;0;75;29.861;2;337.5
21/04/2023 00:00;-1.6;0;79;29.836;3;315
21/04/2023 01:00;-3.6;0;81;29.812;1;292.5
21/04/2023 02:00;-3.3;0;84;29.796;3;292.5
21/04/2023 03:00;-2.7;0;81;29.802;4;315
21/04/2023 04:00;-3.4;0;79;29.807;3;337.5
21/04/2023 05:00;-3.5;8;80;29.827;1;337.5
21/04/2023 06:00;-0.2;147;81;29.844;3;315
21/04/2023 07:00;5.2;401;65;29.837;1;315
21/04/2023 08:00;9.8;613;51;29.836;0;292.5
21/04/2023 09:00;10.3;780;49;29.801;1;180
21/04/2023 10:00;11.4;758;44;29.773;4;45
21/04/2023 11:00;10.8;415;36;29.763;9;67.5
21/04/2023 12:00;12.4;605;38;29.735;8;67.5
21/04/2023 13:00;12.2;355;44;29.703;7;180
21/04/2023 14:00;12.1;148;37;29.692;6;315
21/04/2023 15:00;8.7;56;51;29.732;13;135
21/04/2023 16:00;8.4;57;45;29.774;8;67.5
21/04/2023 17:00;5.1;1;52;29.803;7;45
21/04/2023 18:00;4.4;0;55;29.833;8;45
21/04/2023 19:00;3.9;0;57;29.868;5;45
21/04/2023 20:00;2;0;64;29.882;2;67.5
21/04/2023 21:00;2.4;0;63;29.882;0;67.5
21/04/2023 22:00;1.8;0;65;29.868;1;315
21/04/2023 23:00;-0.7;0;75;29.854;2;315
22/04/2023 00:00;-1.1;0;73;29.838;3;337.5
22/04/2023 01:00;-2.1;0;74;29.821;2;337.5
22/04/2023 02:00;-3;0;80;29.803;2;292.5
22/04/2023 03:00;-2;0;77;29.794;2;315
22/04/2023 04:00;-3.3;0;81;29.788;2;315
22/04/2023 05:00;-2.9;5;82;29.824;2;315
22/04/2023 06:00;0.4;141;75;29.833;2;315
22/04/2023 07:00;4.7;395;69;29.825;2;292.5
22/04/2023 08:00;8.3;606;59;29.807;1;270
22/04/2023 09:00;9.1;583;58;29.779;3;90
22/04/2023 10:00;10.4;869;52;29.747;6;135
22/04/2023 11:00;12.3;883;42;29.721;8;135
22/04/2023 12:00;13.6;765;36;29.687;12;135
22/04/2023 13:00;11.7;514;46;29.64;16;67.5
22/04/2023 14:00;10.8;291;49;29.656;15;67.5
22/04/2023 15:00;9.4;349;50;29.684;15;67.5
22/04/2023 16:00;7.8;105;58;29.697;14;67.5
22/04/2023 17:00;6.4;0;61;29.74;10;67.5
22/04/2023 18:00;4.4;0;67;29.769;6;67.5
22/04/2023 19:00;4.4;0;69;29.797;7;67.5
22/04/2023 20:00;3.1;0;75;29.805;4;45
22/04/2023 21:00;2.4;0;80;29.81;3;67.5
22/04/2023 22:00;2.3;0;76;29.814;2;90
22/04/2023 23:00;2.4;0;76;29.789;3;67.5
6/05/2023 00:00;0.4;0;92;29.823;1;0
6/05/2023 01:00;0.2;0;92;29.819;0;0
6/05/2023 02:00;0.5;0;93;29.82;0;0
6/05/2023 03:00;0.5;0;93;29.82;1;0
6/05/2023 04:00;0.8;0;93;29.831;2;0
6/05/2023 05:00;0.7;1;93;29.847;2;0
6/05/2023 06:00;1.2;80;93;29.868;4;0
6/05/2023 07:00;3.2;286;94;29.879;1;0
6/05/2023 08:00;5.8;490;91;29.883;3;202.5
6/05/2023 09:00;7.7;476;72;29.851;2;180
6/05/2023 10:00;9.2;395;64;29.822;8;90
6/05/2023 11:00;8.4;515;64;29.808;12;67.5
6/05/2023 12:00;8;341;66;29.795;11;67.5
6/05/2023 13:00;8.3;219;66;29.76;5;180
6/05/2023 14:00;5.1;51;82;29.767;6;202.5
6/05/2023 15:00;3.4;41;89;29.802;4;157.5
6/05/2023 16:00;4.8;31;82;29.803;4;45
6/05/2023 17:00;3;0;86;29.854;7;45
6/05/2023 18:00;1.6;0;91;29.867;5;45
6/05/2023 19:00;1.5;0;91;29.892;5;45
6/05/2023 20:00;1.5;0;92;29.885;2;45
6/05/2023 21:00;1.6;0;92;29.879;3;135
6/05/2023 22:00;1.1;0;92;29.89;4;90
6/05/2023 23:00;1.1;0;92;29.877;1;45
7/05/2023 00:00;1.4;0;91;29.85;3;45
7/05/2023 01:00;0.9;0;91;29.853;2;67.5
7/05/2023 02:00;0.4;0;91;29.838;0;67.5
7/05/2023 03:00;0.5;0;91;29.847;0;67.5
7/05/2023 04:00;0.4;0;91;29.846;1;112.5
7/05/2023 05:00;0.6;4;90;29.857;0;67.5
7/05/2023 06:00;0.8;70;90;29.892;1;202.5
7/05/2023 07:00;3.4;255;81;29.885;2;202.5
7/05/2023 08:00;5.7;544;68;29.903;2;315
7/05/2023 09:00;6.6;688;65;29.894;2;90
7/05/2023 10:00;8.1;708;46;29.878;5;45
7/05/2023 11:00;9.1;592;44;29.866;10;45
7/05/2023 12:00;9.7;603;41;29.835;12;67.5
7/05/2023 13:00;8.6;238;43;29.827;12;45
7/05/2023 14:00;8.4;372;43;29.813;13;45
7/05/2023 15:00;7.6;137;50;29.805;11;45
7/05/2023 16:00;5.9;35;59;29.812;11;45
7/05/2023 17:00;4.7;0;67;29.826;10;45
7/05/2023 18:00;3.8;0;76;29.859;6;67.5
7/05/2023 19:00;3.3;0;81;29.884;4;67.5
7/05/2023 20:00;3.1;0;83;29.897;6;90
7/05/2023 21:00;2.9;0;83;29.883;2;90
7/05/2023 22:00;2.5;0;82;29.889;4;202.5
7/05/2023 23:00;2.3;0;81;29.889;5;202.5
8/05/2023 00:00;1.8;0;85;29.877;5;202.5
8/05/2023 01:00;1.5;0;84;29.87;7;202.5
8/05/2023 02:00;1.4;0;84;29.862;2;180
8/05/2023 03:00;1.3;0;85;29.853;0;22.5
8/05/2023 04:00;1.3;0;85;29.816;2;22.5
8/05/2023 05:00;0.3;3;88;29.847;0;315
8/05/2023 06:00;1.6;57;88;29.888;1;202.5
8/05/2023 07:00;4.4;279;70;29.886;6;202.5
8/05/2023 08:00;5.2;466;72;29.893;9;225
8/05/2023 09:00;6.4;694;63;29.888;9;202.5
8/05/2023 10:00;7;739;58;29.861;7;202.5
8/05/2023 11:00;8.7;803;48;29.835;5;180
8/05/2023 12:00;7.5;304;54;29.812;4;202.5
8/05/2023 13:00;7.1;362;61;29.774;8;292.5
8/05/2023 14:00;5.4;105;67;29.809;8;135
8/05/2023 15:00;3.9;72;79;29.826;6;180
8/05/2023 16:00;4.5;24;62;29.858;4;202.5
8/05/2023 17:00;3.6;0;66;29.9;7;67.5
8/05/2023 18:00;2.6;0;75;29.905;3;180
8/05/2023 19:00;2.4;0;78;29.931;5;202.5
8/05/2023 20:00;2.1;0;82;29.94;1;225
8/05/2023 21:00;0.8;0;86;29.938;0;292.5
8/05/2023 22:00;0.1;0;87;29.938;0;315
8/05/2023 23:00;-0.3;0;88;29.933;0;337.5
9/05/2023 02:00;-0.9;0;89;29.914;4;0
9/05/2023 03:00;-1.9;0;89;29.904;2;292.5
9/05/2023 04:00;-2.6;0;90;29.911;2;315
9/05/2023 05:00;-2.3;0;90;29.906;3;337.5
9/05/2023 06:00;-2.8;0;90;29.939;1;315
9/05/2023 07:00;-2.4;4;90;29.983;3;0
9/05/2023 08:00;-0.3;66;90;29.991;4;247.5
9/05/2023 09:00;1.9;231;82;30;3;202.5
9/05/2023 10:00;4.6;419;77;30.006;4;202.5
9/05/2023 11:00;6.6;626;47;29.994;8;180
9/05/2023 12:00;7.1;429;53;29.956;7;180
9/05/2023 13:00;6.8;305;41;29.952;5;135
9/05/2023 14:00;6;279;49;29.965;11;135
9/05/2023 15:00;6.9;349;45;29.958;10;135
9/05/2023 16:00;7.1;221;45;29.958;5;67.5
9/05/2023 17:00;7.1;192;44;29.957;6;45
9/05/2023 18:00;5.8;77;46;29.941;7;45
9/05/2023 19:00;2.8;1;60;29.966;8;45
9/05/2023 20:00;2.2;0;62;30.014;5;22.5
9/05/2023 21:00;0.3;0;68;30.049;2;90
9/05/2023 22:00;-0.1;0;65;30.046;1;45
9/05/2023 23:00;-0.1;0;69;30.054;0;45
10/05/2023 00:00;-2.5;0;74;30.059;2;0
10/05/2023 01:00;-1.3;0;68;30.06;1;0
10/05/2023 02:00;-3.7;0;82;30.056;1;292.5
10/05/2023 03:00;-3.1;0;76;30.024;2;315
10/05/2023 04:00;-4.6;0;82;30.029;1;337.5
10/05/2023 05:00;-4.3;0;83;30.025;2;292.5
10/05/2023 06:00;-4;0;80;30.033;2;315
10/05/2023 07:00;-4.3;9;79;30.062;3;337.5
10/05/2023 08:00;-2.9;107;79;30.091;2;315
10/05/2023 09:00;-0.5;214;83;30.09;3;315
10/05/2023 10:00;2.6;315;73;30.074;1;225
10/05/2023 11:00;5.3;532;58;30.045;4;202.5
10/05/2023 12:00;7;580;37;30.019;7;202.5
10/05/2023 13:00;8.4;806;35;29.994;6;202.5
10/05/2023 14:00;8.8;517;37;29.985;5;202.5
10/05/2023 15:00;1.9;0;70;29.935;2;90
10/05/2023 16:00;0.9;0;72;29.982;1;45
10/05/2023 17:00;-0.6;0;75;29.995;1;292.5
10/05/2023 18:00;-1.3;0;78;29.998;1;337.5
10/05/2023 19:00;-1.7;0;80;30.012;0;315
10/05/2023 20:00;-2.7;0;79;29.999;0;45
10/05/2023 21:00;-3.8;0;81;29.987;0;337.5
10/05/2023 22:00;-3.8;0;83;29.989;1;292.5
10/05/2023 23:00;-3.8;0;81;29.983;1;337.5
11/05/2023 00:00;-4.9;0;85;30.008;2;315
11/05/2023 01:00;-4.9;9;87;30.029;2;337.5
11/05/2023 02:00;-2.3;152;87;30.046;3;337.5
11/05/2023 03:00;2.4;364;80;30.051;3;292.5
11/05/2023 04:00;5.4;573;66;30.037;5;202.5
11/05/2023 05:00;7.2;683;53;29.987;5;180
11/05/2023 06:00;8.2;658;41;29.964;7;157.5
11/05/2023 07:00;8.7;508;41;29.917;8;90
11/05/2023 08:00;8.9;469;39;29.875;13;135
11/05/2023 09:00;8.2;321;46;29.849;14;90
11/05/2023 10:00;5;312;70;29.847;14;180
11/05/2023 11:00;3.2;0;72;29.866;0;225
11/05/2023 12:00;2.3;0;80;29.965;2;180
11/05/2023 13:00;1;0;86;29.995;7;270
11/05/2023 14:00;0.5;0;88;30.003;1;270
11/05/2023 15:00;0.9;0;87;30.013;1;292.5
11/05/2023 16:00;-0.6;0;88;30.001;2;337.5
11/05/2023 17:00;-0.7;0;89;29.979;1;270
11/05/2023 18:00;-0.7;0;90;29.966;1;270
11/05/2023 19:00;-1;0;88;29.964;1;315
11/05/2023 20:00;-1.6;0;89;29.973;1;315
11/05/2023 21:00;-1;0;90;29.975;0;292.5
11/05/2023 22:00;-0.2;2;90;29.961;0;22.5
11/05/2023 23:00;-0.3;70;90;29.974;2;337.5
12/05/2023 00:00;1.5;214;89;29.985;5;67.5
12/05/2023 01:00;2.9;319;83;29.971;6;67.5
12/05/2023 02:00;5.1;426;74;29.962;5;90
12/05/2023 03:00;6.8;525;62;29.932;4;247.5
12/05/2023 04:00;6.6;424;63;29.919;4;180
12/05/2023 05:00;4.9;459;82;29.901;6;202.5
12/05/2023 06:00;5.2;325;78;29.866;3;292.5
12/05/2023 07:00;4.7;132;81;29.88;7;292.5
12/05/2023 08:00;1.7;34;89;29.906;3;0
12/05/2023 09:00;1.3;23;91;29.931;3;0
12/05/2023 10:00;1;0;91;29.969;1;0
12/05/2023 11:00;1.1;0;92;30.002;1;0
12/05/2023 12:00;1.1;0;92;30.026;1;0
12/05/2023 13:00;1.2;0;92;30.032;0;180
12/05/2023 14:00;1;0;92;30.037;0;
12/05/2023 15:00;1.2;0;92;30.036;2;0
12/05/2023 16:00;0.4;0;92;30.023;3;0
12/05/2023 17:00;0.7;0;92;30.002;6;202.5
12/05/2023 18:00;0.6;0;93;29.981;6;0
12/05/2023 19:00;0.7;0;93;29.975;4;0
12/05/2023 20:00;0.7;0;93;29.968;1;0
12/05/2023 21:00;0.5;0;93;29.944;3;0
12/05/2023 22:00;0.7;0;93;29.959;3;0
12/05/2023 23:00;1;24;93;29.984;3;0
13/05/2023 00:00;1.5;74;93;30.008;1;0
13/05/2023 01:00;3.9;255;91;30.001;2;0
13/05/2023 02:00;6.6;730;79;29.977;7;202.5
13/05/2023 03:00;8;815;66;29.948;7;202.5
13/05/2023 04:00;9.6;595;59;29.906;9;202.5
13/05/2023 05:00;9.9;808;58;29.871;7;180
13/05/2023 06:00;8.8;549;60;29.85;14;202.5
13/05/2023 07:00;9.1;353;57;29.801;8;202.5
13/05/2023 08:00;4.9;85;79;29.841;14;45
13/05/2023 09:00;4.6;82;83;29.843;9;45
13/05/2023 10:00;2.9;3;87;29.884;5;0
13/05/2023 11:00;2.8;0;89;29.921;1;315
13/05/2023 12:00;2.3;0;89;29.94;2;292.5
13/05/2023 13:00;1.8;0;91;29.954;4;292.5
13/05/2023 14:00;1.8;0;91;29.943;2;292.5
13/05/2023 15:00;1.5;0;91;29.944;2;202.5
13/05/2023 16:00;1.6;0;92;29.947;6;202.5
13/05/2023 17:00;1.9;0;92;29.929;3;202.5
13/05/2023 18:00;1.6;0;92;29.914;3;225
13/05/2023 19:00;1.4;0;92;29.906;4;202.5
13/05/2023 20:00;1.1;0;92;29.917;2;202.5
13/05/2023 21:00;0.8;0;92;29.917;2;270
13/05/2023 22:00;0.6;2;92;29.942;5;270
13/05/2023 23:00;0.4;53;92;29.97;3;270
14/05/2023 00:00;1.7;197;92;29.993;5;225
14/05/2023 01:00;3.6;499;90;29.981;7;202.5
14/05/2023 02:00;6.9;742;73;29.955;8;225
14/05/2023 03:00;9.3;851;52;29.942;9;202.5
14/05/2023 04:00;10.2;508;46;29.919;7;180
14/05/2023 05:00;10.3;701;41;29.912;7;180
14/05/2023 06:00;11.7;802;37;29.886;9;180
14/05/2023 07:00;12;602;38;29.851;8;180
14/05/2023 08:00;10.4;153;53;29.84;8;45
14/05/2023 09:00;7.7;80;65;29.859;11;67.5
14/05/2023 10:00;5.1;1;74;29.881;9;67.5
14/05/2023 11:00;4.2;0;77;29.91;7;90
14/05/2023 12:00;3.2;0;81;29.93;2;67.5
14/05/2023 13:00;2.8;0;81;29.936;0;135
14/05/2023 14:00;1.9;0;84;29.941;1;292.5
14/05/2023 15:00;-0.3;0;88;29.945;2;315
14/05/2023 16:00;0.2;0;88;29.938;1;337.5
14/05/2023 17:00;-1.2;0;88;29.93;1;337.5
14/05/2023 18:00;-1.8;0;90;29.913;0;315
14/05/2023 19:00;-1.9;0;91;29.933;1;292.5
14/05/2023 20:00;-2.1;0;91;29.942;2;315
14/05/2023 21:00;-2.8;0;91;29.957;1;292.5
14/05/2023 22:00;-3.2;2;91;29.983;2;292.5
14/05/2023 23:00;-1.2;121;90;30.028;2;292.5
15/05/2023 00:00;3.2;365;89;30.025;2;292.5
15/05/2023 01:00;6.8;582;67;30.008;3;202.5
15/05/2023 02:00;8.1;749;60;30;5;202.5
15/05/2023 03:00;9.3;887;35;29.989;5;180
15/05/2023 04:00;9.9;917;34;29.986;10;90
15/05/2023 05:00;10.6;805;32;29.947;9;90
15/05/2023 06:00;11.4;729;20;29.931;10;45
15/05/2023 07:00;10.8;558;21;29.924;13;45
15/05/2023 08:00;9.9;343;21;29.952;15;45
15/05/2023 09:00;7.7;95;34;29.968;12;45
15/05/2023 10:00;4.9;2;38;29.979;7;45
15/05/2023 11:00;2.3;0;53;30.008;3;22.5
15/05/2023 12:00;2;0;55;30.02;2;90
15/05/2023 13:00;0.2;0;57;30.041;2;67.5
15/05/2023 14:00;0;0;57;30.056;1;315
15/05/2023 15:00;-3.2;0;60;30.052;1;270
15/05/2023 16:00;-3;0;64;30.035;2;315
15/05/2023 17:00;-3.7;0;68;30.034;2;315
15/05/2023 18:00;-5.1;0;75;30.011;2;337.5
15/05/2023 19:00;-7.4;0;80;30.002;2;292.5
15/05/2023 20:00;-5.6;0;78;30.01;2;315
15/05/2023 21:00;-6.4;0;76;30.011;3;315
15/05/2023 22:00;-5.5;2;71;30.028;3;315
15/05/2023 23:00;-3.1;115;71;30.053;3;315
16/05/2023 00:00;2.8;383;57;30.063;4;292.5
16/05/2023 01:00;6.8;591;37;30.079;4;247.5
16/05/2023 02:00;9.2;750;27;30.07;4;202.5
16/05/2023 03:00;10.6;850;20;30.039;3;45
16/05/2023 04:00;12.1;877;19;30.013;12;45
16/05/2023 05:00;12.2;837;18;29.982;13;45
16/05/2023 06:00;12.1;727;20;29.955;14;45
16/05/2023 07:00;11.7;556;19;29.953;14;45
16/05/2023 08:00;10.9;343;22;29.958;14;45
16/05/2023 09:00;9.1;95;25;29.978;11;45
16/05/2023 10:00;7.9;1;28;29.983;7;45
16/05/2023 11:00;4.1;0;39;29.999;5;337.5
16/05/2023 12:00;1.2;0;66;30.01;2;67.5
16/05/2023 13:00;0.7;0;69;30.026;2;90
16/05/2023 14:00;-1.1;0;73;30.026;2;67.5
16/05/2023 15:00;-0.9;0;71;30.014;1;67.5
16/05/2023 16:00;-2.7;0;74;29.993;3;337.5
16/05/2023 17:00;-4.9;0;77;29.976;2;337.5
16/05/2023 18:00;-5.7;0;80;29.967;1;292.5
16/05/2023 19:00;-5.4;0;81;29.959;1;315
16/05/2023 20:00;-6.3;0;82;29.936;1;337.5
16/05/2023 21:00;-6.3;0;80;29.962;2;292.5
16/05/2023 22:00;-5.8;4;78;29.975;2;315
16/05/2023 23:00;-3.6;117;76;29.98;3;315
17/05/2023 00:00;1.3;379;69;29.979;3;292.5
17/05/2023 01:00;6.9;588;45;29.98;1;292.5
17/05/2023 02:00;8.4;750;24;29.988;4;90
17/05/2023 03:00;9.3;848;22;29.986;7;67.5
17/05/2023 04:00;10.2;876;20;29.973;7;67.5
17/05/2023 05:00;10.9;835;22;29.941;9;45
17/05/2023 06:00;11.2;723;24;29.915;10;67.5
17/05/2023 07:00;10.9;552;25;29.91;11;45
17/05/2023 08:00;10;341;23;29.914;9;45
17/05/2023 09:00;7.7;92;29;29.935;10;45
17/05/2023 10:00;4.9;4;33;29.954;9;45
17/05/2023 11:00;2.2;0;44;29.993;5;45
17/05/2023 12:00;1.3;0;47;30.017;1;90
17/05/2023 13:00;1;0;45;30.037;1;292.5
17/05/2023 14:00;0;0;46;30.042;1;270
17/05/2023 15:00;-1.3;0;52;30.027;2;315
17/05/2023 16:00;-3.7;0;61;30.021;2;337.5
17/05/2023 17:00;-4.1;0;64;30.01;2;315
17/05/2023 18:00;-4.4;0;67;29.98;4;337.5
17/05/2023 19:00;-4.6;0;65;29.975;2;315
17/05/2023 20:00;-5.7;0;70;29.97;2;315
17/05/2023 21:00;-5.7;0;66;29.977;3;315
17/05/2023 22:00;-6.3;4;71;29.996;2;315
17/05/2023 23:00;-4;120;74;30.02;3;315
18/05/2023 00:00;1.6;374;63;30.027;3;292.5
18/05/2023 01:00;7.2;581;33;30.016;3;225
18/05/2023 02:00;8.6;739;35;30.006;7;202.5
18/05/2023 03:00;9.7;833;33;29.979;6;202.5
18/05/2023 04:00;11.6;865;32;29.947;5;202.5
18/05/2023 05:00;12.6;822;29;29.912;5;225
18/05/2023 06:00;13;711;30;29.89;6;202.5
18/05/2023 07:00;13.1;543;31;29.842;6;202.5
18/05/2023 08:00;12.9;333;32;29.833;6;180
18/05/2023 09:00;9.3;56;34;29.851;7;180
18/05/2023 10:00;6.3;3;40;29.911;8;67.5
18/05/2023 11:00;4.3;0;45;29.95;5;90
18/05/2023 12:00;3.2;0;52;29.952;6;112.5
18/05/2023 13:00;1.4;0;58;29.966;4;67.5
18/05/2023 14:00;0.2;0;57;29.992;2;67.5
18/05/2023 15:00;0.4;0;57;29.986;2;270
18/05/2023 16:00;-0.2;0;59;29.974;0;0
18/05/2023 17:00;-3.1;0;72;29.959;2;315
18/05/2023 18:00;-2.8;0;70;29.933;2;337.5
18/05/2023 19:00;-4.1;0;76;29.925;1;315
18/05/2023 20:00;-5.3;0;83;29.919;1;292.5
18/05/2023 21:00;-5.1;0;82;29.908;3;315
18/05/2023 22:00;-6.1;2;81;29.952;2;337.5
18/05/2023 23:00;-2.4;104;76;29.98;2;315
19/05/2023 00:00;2.3;366;61;29.974;3;292.5
19/05/2023 01:00;7.1;578;46;29.953;1;292.5
19/05/2023 02:00;7.9;733;49;29.924;2;135
19/05/2023 03:00;10.1;831;44;29.883;3;180
19/05/2023 04:00;11.2;858;40;29.854;5;202.5
19/05/2023 05:00;12;835;34;29.829;9;135
19/05/2023 06:00;12.5;710;31;29.807;9;135
19/05/2023 07:00;12.6;515;34;29.779;8;90
19/05/2023 08:00;11.1;331;36;29.789;13;67.5
19/05/2023 09:00;7.3;87;45;29.811;15;67.5
19/05/2023 10:00;3.9;1;56;29.867;9;67.5
19/05/2023 11:00;2.4;0;65;29.907;7;67.5
19/05/2023 12:00;1.3;0;71;29.937;7;90
19/05/2023 13:00;0.2;0;71;29.96;5;67.5
19/05/2023 14:00;-0.1;0;72;29.989;4;67.5
19/05/2023 15:00;-1.1;0;76;29.999;3;22.5
19/05/2023 16:00;-1.8;0;78;29.992;0;270
19/05/2023 17:00;-1.9;0;80;29.972;2;337.5
19/05/2023 18:00;-4.2;0;83;29.946;0;225
19/05/2023 19:00;-3.6;0;84;29.936;1;315
19/05/2023 20:00;-4.3;0;83;29.939;0;0
19/05/2023 21:00;-4.2;0;85;29.958;1;292.5
19/05/2023 22:00;-6.1;2;85;29.973;0;292.5
19/05/2023 23:00;-2.4;114;84;29.974;3;292.5
20/05/2023 00:00;2.2;292;75;29.958;1;292.5
20/05/2023 01:00;4.3;255;62;29.966;1;180
20/05/2023 02:00;7.1;537;53;29.946;1;112.5
20/05/2023 03:00;8.3;659;48;29.903;3;45
20/05/2023 04:00;9.7;683;44;29.862;5;67.5
20/05/2023 05:00;10.4;629;42;29.84;7;67.5
20/05/2023 06:00;9.9;474;34;29.852;15;45
20/05/2023 07:00;8.3;491;39;29.873;18;45
20/05/2023 08:00;6.7;239;43;29.882;15;45
20/05/2023 09:00;4.8;69;47;29.913;13;45
20/05/2023 10:00;2.9;1;54;29.945;8;45
20/05/2023 11:00;1.5;0;57;29.976;7;45
20/05/2023 12:00;0.9;0;60;29.99;6;45
20/05/2023 13:00;0.9;0;56;30;7;45
20/05/2023 14:00;-1.1;0;63;30.017;3;22.5
20/05/2023 15:00;-0.9;0;65;30.027;1;157.5
20/05/2023 16:00;-1.1;0;65;30.015;0;67.5
20/05/2023 17:00;-1.7;0;69;30.006;0;45
20/05/2023 18:00;-2.4;0;68;29.994;0;112.5
20/05/2023 19:00;-3.1;0;69;29.978;1;337.5
20/05/2023 20:00;6.7;74;29;29.82;14;45
20/05/2023 21:00;2.7;5;45;29.875;11;45
20/05/2023 22:00;1.1;0;55;29.914;2;67.5
20/05/2023 23:00;-1;0;67;29.941;4;112.5
21/05/2023 00:00;-1.4;0;65;29.961;3;90
21/05/2023 01:00;-3.2;0;70;29.986;3;67.5
21/05/2023 02:00;-2.9;0;67;29.994;3;0
21/05/2023 03:00;-5.4;0;73;30.001;1;292.5
21/05/2023 04:00;-6.3;0;73;30.025;0;337.5
21/05/2023 05:00;-9;0;78;30.061;1;292.5
21/05/2023 06:00;-8.2;0;80;30.088;2;315
21/05/2023 07:00;-8.3;0;65;30.121;3;337.5
21/05/2023 08:00;-9.2;0;67;30.163;3;337.5
21/05/2023 09:00;-8.7;2;66;30.214;3;337.5
21/05/2023 10:00;-8.6;58;73;30.26;2;315
21/05/2023 11:00;-2.9;278;65;30.282;3;315
21/05/2023 12:00;2.9;500;51;30.28;5;292.5
21/05/2023 13:00;7.3;688;23;30.285;6;202.5
21/05/2023 14:00;8.8;797;18;30.268;6;202.5
21/05/2023 15:00;9.7;853;18;30.214;5;180
21/05/2023 16:00;10.6;823;14;30.169;8;90
21/05/2023 17:00;11;721;15;30.117;7;67.5
21/05/2023 18:00;11.6;559;14;30.073;6;90
21/05/2023 19:00;10;380;19;30.049;14;45
21/05/2023 20:00;7.6;142;23;30.033;15;45
21/05/2023 21:00;3.6;4;29;30.037;10;45
21/05/2023 22:00;2;0;27;30.061;7;45
21/05/2023 23:00;-0.3;0;33;30.085;4;67.5
22/05/2023 00:00;-0.3;0;32;30.109;1;45
22/05/2023 01:00;-2.2;0;37;30.111;1;225
22/05/2023 02:00;-1.7;0;33;30.107;3;0
22/05/2023 03:00;-4.8;0;57;30.101;0;292.5
22/05/2023 04:00;-6.2;0;53;30.08;2;292.5
22/05/2023 05:00;-4.7;0;55;30.065;2;292.5
22/05/2023 06:00;-3.9;0;42;30.043;3;337.5
22/05/2023 07:00;-6.6;0;60;30.027;1;292.5
22/05/2023 08:00;-6.9;0;60;30.041;1;315
22/05/2023 09:00;-7.8;0;67;30.046;2;292.5
22/05/2023 10:00;-5.2;52;60;30.051;3;315
22/05/2023 11:00;0.6;298;52;30.061;4;315
22/05/2023 12:00;6.6;522;34;30.046;2;292.5
22/05/2023 13:00;7.7;688;38;30.016;3;202.5
22/05/2023 14:00;9;792;24;29.984;5;90
22/05/2023 15:00;10.2;832;19;29.97;9;67.5
22/05/2023 16:00;11.3;802;15;29.95;14;67.5
22/05/2023 17:00;11.2;729;15;29.938;18;67.5
22/05/2023 18:00;10.6;576;17;29.937;16;67.5
22/05/2023 19:00;9;341;22;29.946;16;45
22/05/2023 20:00;7.3;123;28;29.98;14;45
22/05/2023 21:00;3;6;36;30.01;8;45
22/05/2023 22:00;1.8;0;42;30.03;7;45
22/05/2023 23:00;-0.3;0;47;30.038;5;67.5
23/05/2023 00:00;-0.7;0;51;30.058;4;67.5
23/05/2023 01:00;-0.2;0;43;30.057;1;270
23/05/2023 02:00;-3.9;0;59;30.045;1;270
23/05/2023 03:00;-5.4;0;68;30.048;1;292.5
23/05/2023 04:00;-4.8;0;64;30.031;2;292.5
23/05/2023 05:00;-5.5;0;64;30.012;2;315
23/05/2023 06:00;-6.4;0;64;29.994;3;315
23/05/2023 07:00;-6.4;0;69;29.993;3;315
23/05/2023 08:00;-6.7;0;68;29.987;3;315
23/05/2023 09:00;-7;0;67;29.988;3;337.5
23/05/2023 10:00;-5.2;66;65;30.001;3;315
23/05/2023 11:00;-0.7;286;63;30.009;3;0
23/05/2023 12:00;5.7;514;31;29.998;3;225
23/05/2023 13:00;8.9;688;17;30.005;1;0
23/05/2023 14:00;8.3;770;18;29.997;5;90
23/05/2023 15:00;9.4;834;16;29.979;6;67.5
23/05/2023 16:00;9.8;831;15;29.959;8;90
23/05/2023 17:00;11.2;739;15;29.933;6;90
23/05/2023 18:00;10.9;581;16;29.911;9;90
23/05/2023 19:00;9.8;363;20;29.913;13;45
23/05/2023 20:00;7.3;145;25;29.933;16;45
23/05/2023 21:00;4;7;28;29.962;11;45
23/05/2023 22:00;2.3;0;30;30.002;7;45
23/05/2023 23:00;0.4;0;33;30.024;2;67.5
24/05/2023 00:00;0.2;0;33;30.03;1;67.5
24/05/2023 01:00;-1.3;0;43;30.027;1;315
24/05/2023 02:00;-5;0;56;30.044;1;270
24/05/2023 03:00;-3.4;0;50;30.031;2;315
24/05/2023 04:00;-5.1;0;53;30.018;3;337.5
24/05/2023 05:00;-6.3;0;58;30.007;3;315
24/05/2023 06:00;-6.1;0;53;29.999;3;337.5
24/05/2023 07:00;-6.2;0;52;29.985;3;315
24/05/2023 08:00;-7.7;0;64;29.985;2;315
24/05/2023 09:00;-7.3;0;61;29.991;2;315
24/05/2023 10:00;-4.4;50;54;30.013;1;315
24/05/2023 11:00;-0.2;293;54;30.018;2;0
24/05/2023 12:00;5.7;511;30;30.004;1;0
24/05/2023 13:00;7.9;670;28;29.992;2;180
24/05/2023 14:00;9.6;759;33;29.966;5;0
24/05/2023 15:00;10.4;796;34;29.928;7;135
24/05/2023 16:00;11.3;886;34;29.883;10;180
24/05/2023 17:00;11.1;409;35;29.842;12;135
24/05/2023 18:00;10.2;267;30;29.82;14;135
24/05/2023 19:00;9.7;240;30;29.868;13;67.5
24/05/2023 20:00;6.5;87;37;29.911;16;67.5
24/05/2023 21:00;4.7;9;44;29.926;10;45
24/05/2023 22:00;3.9;0;44;29.964;5;45
24/05/2023 23:00;2.4;0;43;29.995;1;90
25/05/2023 00:00;1.1;0;49;30.018;2;90
25/05/2023 01:00;1.1;0;50;30.024;1;90
25/05/2023 02:00;0.7;0;51;30.028;0;292.5
25/05/2023 03:00;-1.4;0;63;30;2;315
25/05/2023 04:00;-3.2;0;65;29.985;2;315
25/05/2023 05:00;-4.4;0;68;29.957;2;315
25/05/2023 06:00;-3.2;0;63;29.943;3;337.5
25/05/2023 07:00;-4.8;0;67;29.957;2;337.5
25/05/2023 08:00;-5.3;0;73;29.968;1;292.5
25/05/2023 09:00;-5.4;0;76;29.99;2;292.5
25/05/2023 10:00;-3.3;45;76;30.006;2;292.5
25/05/2023 11:00;1.7;164;61;29.987;3;292.5
25/05/2023 12:00;7.2;408;55;29.965;6;202.5
25/05/2023 13:00;8.8;757;53;29.955;9;202.5
25/05/2023 14:00;9.6;416;53;29.898;10;202.5
25/05/2023 15:00;10.2;403;50;29.861;9;180
25/05/2023 16:00;10.3;326;44;29.852;9;135
25/05/2023 17:00;9.6;254;55;29.819;6;202.5
25/05/2023 18:00;11.6;404;42;29.798;8;0
25/05/2023 19:00;11.4;378;43;29.798;13;135
25/05/2023 20:00;9.1;174;46;29.825;14;112.5
25/05/2023 21:00;4.6;9;56;29.859;9;45
25/05/2023 22:00;3;0;62;29.903;3;67.5
25/05/2023 23:00;2.2;0;64;29.922;3;90
26/05/2023 00:00;1.2;0;67;29.949;1;67.5
26/05/2023 01:00;0.1;0;69;29.963;1;90
26/05/2023 02:00;-0.9;0;77;29.957;2;337.5
26/05/2023 03:00;-1.7;0;78;29.962;1;337.5
26/05/2023 04:00;-2.7;0;81;29.952;2;337.5
26/05/2023 05:00;-3;0;84;29.931;1;315
26/05/2023 06:00;-3.1;0;83;29.922;1;315
26/05/2023 07:00;-2.9;0;83;29.92;1;315
26/05/2023 08:00;-3.3;0;85;29.934;1;292.5
26/05/2023 09:00;-2.7;0;84;29.954;1;337.5
26/05/2023 10:00;-2.1;46;84;29.968;1;337.5
26/05/2023 11:00;0.6;135;80;29.96;1;315
26/05/2023 12:00;4.9;405;69;29.951;1;0
26/05/2023 13:00;7.6;561;63;29.911;2;0
26/05/2023 14:00;8.7;389;59;29.881;5;90
26/05/2023 15:00;9.7;433;52;29.864;12;112.5
26/05/2023 16:00;11.2;600;48;29.846;11;135
26/05/2023 17:00;11.4;478;45;29.817;12;135
26/05/2023 18:00;9.8;298;49;29.834;14;67.5
26/05/2023 19:00;8.7;311;50;29.844;16;45
26/05/2023 20:00;6.6;86;54;29.876;13;67.5
26/05/2023 21:00;4.3;5;58;29.938;11;67.5
26/05/2023 22:00;4.2;0;61;29.97;9;45
26/05/2023 23:00;4.2;0;64;29.992;6;67.5
27/05/2023 00:00;3.7;0;72;29.983;5;67.5
27/05/2023 01:00;3.2;0;70;29.979;5;90
27/05/2023 02:00;2.2;0;62;29.982;6;90
27/05/2023 03:00;0.9;0;68;29.983;4;67.5
27/05/2023 04:00;0.5;0;70;29.962;0;
27/05/2023 05:00;-1.5;0;74;29.948;1;270
27/05/2023 06:00;-0.4;0;78;29.943;3;0
27/05/2023 07:00;-3.3;0;82;29.93;0;337.5
27/05/2023 08:00;-4.2;0;86;29.935;0;315
27/05/2023 09:00;-3.4;0;86;29.954;2;292.5
27/05/2023 10:00;-2;30;87;29.949;2;292.5
27/05/2023 11:00;1.9;173;81;29.948;6;0
27/05/2023 12:00;6.2;419;68;29.936;6;225
27/05/2023 13:00;9;654;58;29.898;7;202.5
27/05/2023 14:00;9.8;801;55;29.884;7;202.5
27/05/2023 15:00;10.3;525;50;29.827;6;180
27/05/2023 16:00;10.6;392;50;29.797;6;180
27/05/2023 17:00;11.9;485;44;29.77;10;135
27/05/2023 18:00;9.8;402;48;29.763;14;67.5
27/05/2023 19:00;9;252;51;29.777;18;45
27/05/2023 20:00;7.8;84;53;29.823;13;67.5
27/05/2023 21:00;5.8;5;58;29.842;9;45
27/05/2023 22:00;5.1;0;60;29.871;9;45
27/05/2023 23:00;3.1;0;66;29.891;4;67.5
28/05/2023 00:00;2.5;0;70;29.913;2;67.5
28/05/2023 01:00;2.7;0;69;29.918;1;67.5
28/05/2023 02:00;1.7;0;74;29.905;2;67.5
28/05/2023 03:00;1.8;0;74;29.881;2;67.5
28/05/2023 04:00;2.1;0;75;29.87;2;67.5
28/05/2023 05:00;0.7;0;77;29.857;3;67.5
28/05/2023 06:00;-0.6;0;82;29.859;2;67.5
28/05/2023 07:00;-0.8;0;80;29.857;1;45
28/05/2023 08:00;-1.3;0;82;29.863;0;292.5
28/05/2023 09:00;-3.6;0;83;29.892;0;292.5
28/05/2023 10:00;-1.1;63;83;29.922;1;337.5
28/05/2023 11:00;3.3;290;71;29.914;1;0
28/05/2023 12:00;6;499;55;29.907;1;157.5
28/05/2023 13:00;7.6;680;47;29.901;8;67.5
28/05/2023 14:00;8.3;754;40;29.893;13;67.5
28/05/2023 15:00;9.2;782;35;29.88;16;67.5
28/05/2023 16:00;9.7;814;27;29.865;16;67.5
28/05/2023 17:00;10.2;682;27;29.855;16;67.5
28/05/2023 18:00;9.9;497;19;29.846;18;67.5
28/05/2023 19:00;7.9;201;22;29.863;16;45
28/05/2023 20:00;6.7;117;27;29.876;14;67.5
28/05/2023 21:00;3.2;9;41;29.911;10;45
28/05/2023 22:00;1.3;0;44;29.931;9;45
28/05/2023 23:00;-0.4;0;52;29.957;2;45
29/05/2023 00:00;-2.6;0;57;30.003;1;225
29/05/2023 01:00;-2.5;0;61;30.009;0;292.5
29/05/2023 02:00;-4.2;0;60;30.009;1;270
29/05/2023 03:00;-7.4;0;77;30.011;1;292.5
29/05/2023 04:00;-6.7;0;68;30.008;2;337.5
29/05/2023 05:00;-8.7;0;71;30.031;1;337.5
29/05/2023 06:00;-9.5;0;78;30.028;1;315
29/05/2023 07:00;-9.8;0;77;30.045;1;315
29/05/2023 08:00;-9.6;0;79;30.082;1;315
29/05/2023 09:00;-10.7;0;79;30.112;1;315
29/05/2023 10:00;-9.3;62;78;30.155;3;315
29/05/2023 11:00;-3.3;293;67;30.174;3;0
29/05/2023 12:00;2.1;513;49;30.181;2;0
29/05/2023 13:00;7.2;682;19;30.184;4;202.5
29/05/2023 14:00;8.9;794;14;30.178;7;0
29/05/2023 15:00;10.1;841;14;30.168;6;0
29/05/2023 16:00;11.7;817;12;30.143;7;0
29/05/2023 17:00;12.1;727;13;30.121;8;315
29/05/2023 18:00;12.4;574;13;30.077;8;292.5
29/05/2023 19:00;12.4;375;17;30.073;8;292.5
29/05/2023 20:00;9.9;136;21;30.084;7;247.5
29/05/2023 21:00;4.8;5;29;30.104;5;270
29/05/2023 22:00;3.6;0;30;30.136;1;337.5
29/05/2023 23:00;2.2;0;33;30.153;2;337.5
30/05/2023 00:00;1.3;0;35;30.167;3;337.5
30/05/2023 01:00;-0.6;0;38;30.164;3;337.5
30/05/2023 02:00;-4.1;0;53;30.151;1;337.5
30/05/2023 03:00;-4.2;0;50;30.142;1;292.5
30/05/2023 04:00;-6.9;0;65;30.132;2;292.5
30/05/2023 05:00;-6.5;0;60;30.12;2;292.5
30/05/2023 06:00;-7.1;0;60;30.118;3;315
30/05/2023 07:00;-7.8;0;60;30.113;2;315
30/05/2023 08:00;-7.6;0;68;30.103;2;315
30/05/2023 09:00;-7.9;0;66;30.107;3;315
30/05/2023 10:00;-5.6;58;59;30.125;4;315
30/05/2023 11:00;-0.1;290;49;30.126;4;0
30/05/2023 12:00;6.7;509;32;30.119;4;225
30/05/2023 13:00;9.1;678;22;30.106;7;202.5
30/05/2023 14:00;11.2;791;15;30.09;10;0
30/05/2023 15:00;12;838;11;30.072;15;0
30/05/2023 16:00;12.6;814;14;30.023;14;0
30/05/2023 17:00;12.9;722;12;30.008;14;270
30/05/2023 18:00;12.4;572;14;30;14;270
30/05/2023 19:00;11.7;373;16;30.013;13;270
30/05/2023 20:00;9.8;141;16;30.026;13;247.5
30/05/2023 21:00;5.2;7;26;30.063;7;202.5
30/05/2023 22:00;2.1;0;30;30.082;4;202.5
30/05/2023 23:00;2.8;0;33;30.106;3;202.5
31/05/2023 00:00;2.5;0;27;30.115;3;0
31/05/2023 01:00;-0.3;0;34;30.111;3;0
31/05/2023 02:00;-1.6;0;36;30.106;4;337.5
31/05/2023 03:00;-2.1;0;36;30.093;2;315
31/05/2023 04:00;-5.5;0;52;30.085;1;292.5
31/05/2023 05:00;-5;0;47;30.074;2;315
31/05/2023 06:00;-5.9;0;50;30.066;2;315
31/05/2023 07:00;-6.3;0;52;30.062;3;315
31/05/2023 08:00;-6.6;0;51;30.062;4;315
31/05/2023 09:00;-7.4;0;56;30.076;3;315
31/05/2023 10:00;-5.6;56;56;30.093;3;315
31/05/2023 11:00;0.3;286;48;30.091;3;0
31/05/2023 12:00;6.4;507;30;30.086;2;0
31/05/2023 13:00;9.7;676;22;30.087;3;247.5
31/05/2023 14:00;11.4;787;16;30.065;10;0
31/05/2023 15:00;11.6;834;14;30.029;11;0
31/05/2023 16:00;12.1;810;13;29.997;12;0
31/05/2023 17:00;12.3;721;13;29.969;11;270
31/05/2023 18:00;12.4;572;12;29.961;10;270
31/05/2023 19:00;11.5;379;14;29.959;11;247.5
31/05/2023 20:00;9.8;139;17;29.989;10;247.5
31/05/2023 21:00;3.3;7;27;29.999;7;0
31/05/2023 22:00;2.4;0;28;30.023;3;0
31/05/2023 23:00;2.1;0;30;30.04;4;202.5
1/06/2023 00:00;1.8;0;26;30.056;3;0
1/06/2023 01:00;-0.5;0;30;30.073;3;0
1/06/2023 02:00;-2.4;0;38;30.082;2;337.5
1/06/2023 03:00;-4.3;0;38;30.075;2;270
1/06/2023 04:00;-3.9;0;43;30.065;2;315
1/06/2023 05:00;-5.5;0;48;30.039;2;315
1/06/2023 06:00;-7.6;0;59;30.025;1;315
1/06/2023 07:00;-9.3;0;63;30.036;1;292.5
1/06/2023 08:00;-8.3;0;59;30.051;3;315
1/06/2023 09:00;-7.8;0;54;30.07;2;315
1/06/2023 10:00;-6.8;54;60;30.094;3;315
1/06/2023 11:00;-1.3;284;48;30.108;4;0
1/06/2023 12:00;5.9;502;35;30.097;3;0
1/06/2023 13:00;9.7;670;21;30.084;1;180
1/06/2023 14:00;10.7;783;17;30.072;5;270
1/06/2023 15:00;11;827;16;30.053;4;270
1/06/2023 16:00;11.7;804;13;30.027;4;292.5
1/06/2023 17:00;12.1;716;14;29.999;5;180
1/06/2023 18:00;12.6;567;13;29.979;4;67.5
1/06/2023 19:00;12.4;384;17;29.978;4;202.5
1/06/2023 20:00;8.4;145;23;29.985;17;45
1/06/2023 21:00;3.9;8;33;30.01;9;67.5
1/06/2023 22:00;3.1;0;36;30.043;4;90
1/06/2023 23:00;1.1;0;38;30.064;3;67.5
2/06/2023 00:00;0.2;0;40;30.104;1;270
2/06/2023 01:00;-0.5;0;44;30.11;2;0
2/06/2023 02:00;-3.3;0;51;30.102;3;337.5
2/06/2023 03:00;-3.6;0;52;30.091;1;337.5
2/06/2023 04:00;-6.2;0;61;30.073;1;315
2/06/2023 05:00;-7.4;0;70;30.055;1;292.5
2/06/2023 06:00;-7.2;0;66;30.055;2;315
2/06/2023 07:00;-6.4;0;60;30.034;2;315
2/06/2023 08:00;-8.5;0;64;30.027;2;315
2/06/2023 09:00;-8.2;0;65;30.042;2;315
2/06/2023 10:00;-6.1;55;64;30.05;3;315
2/06/2023 11:00;-0.8;280;56;30.069;4;0
2/06/2023 12:00;5.8;495;29;30.06;4;225
2/06/2023 13:00;8.5;663;28;30.045;5;202.5
2/06/2023 14:00;10.3;775;22;30.024;7;0
2/06/2023 15:00;10.7;821;21;30.003;6;0
2/06/2023 16:00;11.1;800;19;29.972;5;0
2/06/2023 17:00;10.9;711;17;29.947;4;202.5
2/06/2023 18:00;11.4;561;18;29.93;4;0
2/06/2023 19:00;11.6;366;17;29.917;5;337.5
2/06/2023 20:00;8.7;131;26;29.918;9;45
2/06/2023 21:00;4.6;7;34;29.974;10;45
2/06/2023 22:00;3.7;0;36;30.016;3;67.5
2/06/2023 23:00;1.8;0;43;30.045;1;67.5
3/06/2023 00:00;1.4;0;40;30.055;1;0
3/06/2023 01:00;-0.2;0;48;30.064;2;337.5
3/06/2023 02:00;-2;0;48;30.054;2;337.5
3/06/2023 03:00;-2.8;0;49;30.058;2;337.5
3/06/2023 04:00;-4.2;0;51;30.045;0;45
3/06/2023 05:00;-6.1;0;59;30.035;2;292.5
3/06/2023 06:00;-6.2;0;63;30.026;2;292.5
3/06/2023 07:00;-5.5;0;53;30.017;3;315
3/06/2023 08:00;-7.9;0;63;30.026;2;315
3/06/2023 09:00;-7.7;0;63;30.041;1;315
3/06/2023 10:00;-5.8;42;61;30.051;3;315
3/06/2023 11:00;-0.7;272;51;30.063;3;0
3/06/2023 12:00;5;490;36;30.054;2;0
3/06/2023 13:00;8.9;659;23;30.048;2;0
3/06/2023 14:00;9.3;771;21;30.031;3;247.5
3/06/2023 15:00;10;817;20;30.019;4;0
3/06/2023 16:00;11.9;797;18;29.984;3;202.5
3/06/2023 17:00;11.3;710;18;29.939;5;135
3/06/2023 18:00;11.9;614;17;29.924;4;45
3/06/2023 19:00;10.6;416;19;29.924;12;45
3/06/2023 20:00;8;133;22;29.973;16;45
3/06/2023 21:00;4.3;5;32;30;10;45
3/06/2023 22:00;1.9;0;33;30.028;4;67.5
3/06/2023 23:00;1.5;0;34;30.058;1;270
4/06/2023 00:00;0.1;0;40;30.072;1;292.5
4/06/2023 01:00;-1.3;0;43;30.089;3;315
4/06/2023 02:00;-5.4;0;51;30.098;2;270
4/06/2023 03:00;-3.3;0;47;30.091;2;315
4/06/2023 04:00;-3.6;0;45;30.074;2;315
4/06/2023 05:00;-5.7;0;57;30.057;2;315
4/06/2023 06:00;-6.2;0;50;30.046;1;315
4/06/2023 07:00;-7.5;0;55;30.04;2;315
4/06/2023 08:00;-7.7;0;59;30.069;2;315
4/06/2023 09:00;-7.4;0;61;30.086;2;315
4/06/2023 10:00;-5.9;53;56;30.106;3;315
4/06/2023 11:00;-1.4;271;49;30.103;3;0
4/06/2023 12:00;5.4;487;28;30.11;4;0
4/06/2023 13:00;7.6;655;28;30.107;5;202.5
4/06/2023 14:00;8.9;767;25;30.081;5;202.5
4/06/2023 15:00;9.9;813;25;30.054;5;202.5
4/06/2023 16:00;10.2;795;24;30.028;5;202.5
4/06/2023 17:00;11.3;791;23;30.007;5;180
4/06/2023 18:00;10.8;691;24;29.989;9;135
4/06/2023 19:00;11.2;454;21;29.992;7;90
4/06/2023 20:00;8.2;96;25;30.011;15;45
4/06/2023 21:00;4.6;7;31;30.041;11;45
4/06/2023 22:00;3;0;34;30.063;8;45
4/06/2023 23:00;-0.2;0;45;30.095;2;67.5
5/06/2023 00:00;0.6;0;44;30.1;2;67.5
5/06/2023 01:00;-2.6;0;49;30.12;2;292.5
5/06/2023 02:00;-3.3;0;52;30.13;2;292.5
5/06/2023 03:00;-3.6;0;52;30.131;1;292.5
5/06/2023 04:00;-4.8;0;60;30.123;1;315
5/06/2023 05:00;-5.9;0;62;30.102;3;315
5/06/2023 06:00;-6.3;0;58;30.085;3;337.5
5/06/2023 07:00;-8.7;0;71;30.075;1;292.5
5/06/2023 08:00;-7.2;0;68;30.078;3;315
5/06/2023 09:00;-7.6;0;66;30.083;3;315
5/06/2023 10:00;-6.2;55;64;30.095;3;315
5/06/2023 11:00;-1.7;267;57;30.106;3;315
5/06/2023 12:00;5.2;484;36;30.096;2;0
5/06/2023 13:00;7.7;653;25;30.076;2;0
5/06/2023 14:00;8.6;765;25;30.064;3;0
5/06/2023 15:00;9;813;22;30.035;4;67.5
5/06/2023 16:00;9.8;789;22;30.01;7;67.5
5/06/2023 17:00;10.2;701;22;29.977;8;67.5
5/06/2023 18:00;10.9;555;22;29.949;6;67.5
5/06/2023 19:00;9.3;353;25;29.955;14;45
5/06/2023 20:00;7;127;29;29.98;15;45
5/06/2023 21:00;4.2;8;33;30.023;13;45
5/06/2023 22:00;2.2;0;37;30.064;8;45
5/06/2023 23:00;2;0;38;30.093;0;0
6/06/2023 00:00;-0.7;0;46;30.131;1;270
6/06/2023 01:00;-1.3;0;49;30.134;1;315
6/06/2023 02:00;-3.4;0;56;30.113;1;337.5
6/06/2023 03:00;-4.7;0;58;30.116;2;315
6/06/2023 04:00;-5;0;55;30.103;3;315
6/06/2023 05:00;-6.7;0;60;30.083;2;315
6/06/2023 06:00;-7.8;0;67;30.078;2;315
6/06/2023 07:00;-6.8;0;65;30.078;2;315
6/06/2023 08:00;-7.2;0;63;30.069;3;315
6/06/2023 09:00;-7.5;0;63;30.091;4;337.5
6/06/2023 10:00;-7.6;40;67;30.103;3;315
6/06/2023 11:00;-2.2;265;61;30.11;2;315
6/06/2023 12:00;3.7;484;39;30.11;1;292.5
6/06/2023 13:00;7.9;653;23;30.113;0;0
6/06/2023 14:00;9.2;768;24;30.095;1;202.5
6/06/2023 15:00;9.8;814;23;30.053;4;0
6/06/2023 16:00;10.8;791;20;30.025;4;90
6/06/2023 17:00;11.1;704;17;30.013;6;292.5
6/06/2023 18:00;11.3;560;16;29.997;5;270
6/06/2023 19:00;11.2;364;21;29.999;3;270
6/06/2023 20:00;6.8;130;29;30.007;16;45
6/06/2023 21:00;3;8;35;30.051;9;67.5
6/06/2023 22:00;1.8;0;34;30.097;6;45
6/06/2023 23:00;0.1;0;39;30.127;1;112.5
7/06/2023 00:00;0.7;0;37;30.154;3;112.5
7/06/2023 01:00;-1.7;0;49;30.166;1;337.5
7/06/2023 02:00;-2.8;0;48;30.156;4;337.5
7/06/2023 03:00;-4.7;0;50;30.157;1;337.5
7/06/2023 04:00;-5.9;0;61;30.141;1;315
7/06/2023 05:00;-8.4;0;67;30.148;2;292.5
7/06/2023 06:00;-6.6;0;60;30.132;3;337.5
7/06/2023 07:00;-8.3;0;67;30.128;2;315
7/06/2023 08:00;-7.6;0;66;30.124;3;315
7/06/2023 09:00;-9.1;0;71;30.149;2;292.5
7/06/2023 10:00;-7.2;46;64;30.16;3;315
7/06/2023 11:00;-2.3;268;58;30.177;3;315
7/06/2023 12:00;3.9;488;44;30.164;3;0
7/06/2023 13:00;8.2;658;30;30.152;1;315
7/06/2023 14:00;9.7;772;23;30.141;2;180
7/06/2023 15:00;10.4;816;22;30.115;4;315
7/06/2023 16:00;11.5;788;18;30.068;4;0
7/06/2023 17:00;12.5;707;12;30.039;5;292.5
7/06/2023 18:00;13;559;11;30.033;6;315
7/06/2023 19:00;12.8;362;13;30.028;5;292.5
7/06/2023 20:00;8.4;132;25;30.043;15;67.5
7/06/2023 21:00;4.3;8;32;30.087;10;67.5
7/06/2023 22:00;2.9;0;33;30.112;7;67.5
7/06/2023 23:00;-0.1;0;42;30.144;3;67.5
8/06/2023 00:00;0.1;0;40;30.181;1;67.5
8/06/2023 01:00;-0.1;0;39;30.172;0;0
8/06/2023 02:00;-2.7;0;51;30.17;1;315
8/06/2023 03:00;-3.5;0;50;30.159;2;337.5
8/06/2023 04:00;-5.1;0;54;30.143;2;337.5
8/06/2023 05:00;-8.4;0;70;30.128;1;292.5
8/06/2023 06:00;-7.2;0;63;30.1;2;315
8/06/2023 07:00;-8.2;0;68;30.091;2;292.5
8/06/2023 08:00;-8.1;0;64;30.089;3;315
8/06/2023 09:00;-9.7;0;66;30.114;1;337.5
8/06/2023 10:00;-7.8;47;67;30.131;3;315
8/06/2023 11:00;-2.6;269;59;30.145;2;315
8/06/2023 12:00;3.8;490;39;30.14;2;0
8/06/2023 13:00;8;659;27;30.133;1;0
8/06/2023 14:00;10.2;769;21;30.112;2;292.5
8/06/2023 15:00;11.1;818;12;30.095;6;292.5
8/06/2023 16:00;11.9;797;12;30.065;9;270
8/06/2023 17:00;12.6;708;11;30.043;8;292.5
8/06/2023 18:00;12.3;559;14;30.027;11;270
8/06/2023 19:00;11.6;370;11;30.028;10;247.5
8/06/2023 20:00;9.9;136;13;30.038;8;225
8/06/2023 21:00;4.3;7;28;30.053;6;45
8/06/2023 22:00;2.8;0;33;30.076;3;0
8/06/2023 23:00;0.4;0;38;30.092;2;67.5
9/06/2023 00:00;-0.2;0;40;30.103;2;67.5
9/06/2023 01:00;0.4;0;39;30.098;1;315
9/06/2023 02:00;-2.4;0;46;30.099;2;337.5
9/06/2023 03:00;-4.8;0;49;30.096;1;337.5
9/06/2023 04:00;-7.7;0;68;30.093;1;292.5
9/06/2023 05:00;-7.1;0;61;30.079;2;292.5
9/06/2023 06:00;-6.9;0;58;30.059;2;315
9/06/2023 07:00;-8.7;0;65;30.056;2;315
9/06/2023 08:00;-8.9;0;64;30.057;3;315
9/06/2023 09:00;-10.9;0;68;30.068;3;315
9/06/2023 10:00;-8.8;44;69;30.082;3;315
9/06/2023 11:00;-3.1;266;56;30.097;3;292.5
9/06/2023 12:00;3.6;487;34;30.101;3;0
9/06/2023 13:00;8.2;657;20;30.076;2;0
9/06/2023 14:00;10.1;772;11;30.059;2;315
9/06/2023 15:00;10.4;816;12;30.037;4;315
9/06/2023 16:00;11.4;794;11;30.007;5;112.5
9/06/2023 17:00;12.3;708;11;29.978;5;180
9/06/2023 18:00;11.9;561;10;29.956;5;180
9/06/2023 19:00;9.9;364;19;29.957;11;45
9/06/2023 20:00;6.7;131;24;29.991;17;45
9/06/2023 21:00;3;6;33;30.025;11;45
9/06/2023 22:00;1.1;0;39;30.061;5;67.5
9/06/2023 23:00;-1.3;0;44;30.102;3;90
10/06/2023 00:00;-2.8;0;49;30.13;4;67.5
10/06/2023 01:00;-1.4;0;43;30.137;1;45
10/06/2023 02:00;-3.7;0;48;30.123;1;0
10/06/2023 03:00;-5.2;0;51;30.12;2;337.5
10/06/2023 04:00;-5.8;0;52;30.124;1;337.5
10/06/2023 05:00;-8.2;0;61;30.109;2;315
10/06/2023 06:00;-10.3;0;67;30.101;2;337.5
10/06/2023 07:00;-8.6;0;64;30.085;3;315
10/06/2023 08:00;-10.1;0;63;30.077;3;337.5
10/06/2023 09:00;-9.1;0;65;30.082;2;292.5
10/06/2023 10:00;-6.6;38;55;30.105;3;315
10/06/2023 11:00;-2.5;260;48;30.102;2;0
10/06/2023 12:00;3.6;479;36;30.101;1;0
10/06/2023 13:00;8;649;17;30.08;0;247.5
10/06/2023 14:00;8.7;763;20;30.052;3;45
10/06/2023 15:00;9.7;807;19;30.035;5;67.5
10/06/2023 16:00;10.1;784;20;30.006;9;67.5
10/06/2023 17:00;10.7;694;19;30.002;8;90
10/06/2023 18:00;10.3;547;15;30.011;12;67.5
10/06/2023 19:00;9.1;359;16;30.011;17;67.5
10/06/2023 20:00;6.6;131;20;30.037;19;67.5
10/06/2023 21:00;3.3;5;26;30.073;11;45
10/06/2023 22:00;2.2;0;29;30.092;7;45
10/06/2023 23:00;-0.6;0;34;30.111;2;67.5
11/06/2023 00:00;0.8;0;31;30.114;1;67.5
11/06/2023 01:00;-2.3;0;40;30.119;0;45
11/06/2023 02:00;-1.6;0;44;30.119;0;292.5
11/06/2023 03:00;-3.6;0;45;30.098;2;292.5
11/06/2023 04:00;-3.8;0;42;30.088;1;315
11/06/2023 05:00;-6;0;56;30.072;2;292.5
11/06/2023 06:00;-7;0;55;30.051;2;315
11/06/2023 07:00;-7.5;0;54;30.043;2;315
11/06/2023 08:00;-8.8;0;64;30.038;2;315
11/06/2023 09:00;-8.1;0;63;30.053;2;315
11/06/2023 10:00;-7.9;57;65;30.077;2;292.5
11/06/2023 11:00;-2.8;259;57;30.092;3;0
11/06/2023 12:00;4.6;478;34;30.072;2;0
11/06/2023 13:00;6.1;649;28;30.056;4;67.5
11/06/2023 14:00;7.4;758;25;30.035;12;90
11/06/2023 15:00;8.6;807;23;30.007;11;90
11/06/2023 16:00;9.4;779;22;29.986;10;90
11/06/2023 17:00;9.9;691;21;29.962;10;67.5
11/06/2023 18:00;9.2;546;21;29.961;14;45
11/06/2023 19:00;8.1;359;24;29.964;15;45
11/06/2023 20:00;6.1;131;27;29.973;17;45
11/06/2023 21:00;2.8;8;29;30.001;13;45
11/06/2023 22:00;1.7;0;28;30.026;13;45
11/06/2023 23:00;1.1;0;34;30.051;11;45
12/06/2023 00:00;-0.9;0;36;30.08;2;202.5
12/06/2023 01:00;-2.7;0;43;30.074;1;180
12/06/2023 02:00;-2.3;0;41;30.071;0;
12/06/2023 03:00;-3.1;0;44;30.07;1;270
12/06/2023 04:00;-6.8;0;56;30.055;2;292.5
12/06/2023 05:00;-6.1;0;60;30.053;3;315
12/06/2023 06:00;-8.2;0;70;30.061;2;337.5
12/06/2023 07:00;-9.3;0;68;30.055;2;292.5
12/06/2023 08:00;-8.2;0;71;30.051;2;292.5
12/06/2023 09:00;-8.4;0;63;30.064;3;337.5
12/06/2023 10:00;-7.7;49;69;30.082;2;315
12/06/2023 11:00;-2.4;267;59;30.101;2;315
12/06/2023 12:00;3.4;479;42;30.086;1;0
12/06/2023 13:00;5.6;608;30;30.068;3;90
12/06/2023 14:00;7;723;24;30.051;11;90
12/06/2023 15:00;8.6;783;22;30.034;11;90
12/06/2023 16:00;9.6;773;19;30.005;13;67.5
12/06/2023 17:00;9.7;695;20;29.983;14;67.5
12/06/2023 18:00;8.9;554;22;29.977;17;67.5
12/06/2023 19:00;7.8;362;25;29.984;17;67.5
12/06/2023 20:00;5.7;133;29;29.999;17;67.5
12/06/2023 21:00;2.4;8;33;30.029;13;67.5
12/06/2023 22:00;0.2;0;37;30.088;7;45
12/06/2023 23:00;-0.2;0;38;30.116;5;45
13/06/2023 00:00;-1.4;0;41;30.136;6;45
13/06/2023 01:00;-2;0;44;30.129;1;67.5
13/06/2023 02:00;-1.9;0;44;30.114;0;
13/06/2023 03:00;-1.8;0;45;30.103;0;
13/06/2023 04:00;-3.6;0;50;30.087;0;202.5
13/06/2023 05:00;-2.8;0;49;30.06;1;270
13/06/2023 06:00;-3.3;0;50;30.043;1;22.5
13/06/2023 07:00;-8.8;0;69;30.038;0;22.5
13/06/2023 08:00;-10.1;0;72;30.04;2;292.5
13/06/2023 09:00;-7.9;0;72;30.063;2;292.5
13/06/2023 10:00;-7;48;69;30.077;1;292.5
13/06/2023 11:00;-3.2;262;62;30.088;3;0
13/06/2023 12:00;2.6;481;40;30.096;1;0
13/06/2023 13:00;4.9;650;28;30.094;6;90
13/06/2023 14:00;6.1;762;25;30.093;9;67.5
13/06/2023 15:00;7.5;809;17;30.058;10;67.5
13/06/2023 16:00;8.6;790;16;30.035;14;67.5
13/06/2023 17:00;8.8;704;14;30.018;14;45
13/06/2023 18:00;8.6;555;14;29.998;15;67.5
13/06/2023 19:00;7.7;361;17;30.023;16;67.5
13/06/2023 20:00;5.4;130;29;30.047;15;45
13/06/2023 21:00;1.5;8;38;30.06;9;45
13/06/2023 22:00;1.5;0;38;30.091;6;45
13/06/2023 23:00;-0.4;0;42;30.111;2;67.5
14/06/2023 00:00;-0.6;0;41;30.124;2;22.5
14/06/2023 01:00;-3.7;0;51;30.129;1;225
14/06/2023 02:00;-6;0;57;30.136;2;270
14/06/2023 03:00;-6.4;0;61;30.12;2;292.5
14/06/2023 04:00;-7.2;0;63;30.124;2;315
14/06/2023 05:00;-9.3;0;68;30.117;3;315
14/06/2023 06:00;-8.4;0;60;30.094;3;337.5
14/06/2023 07:00;-11.1;0;72;30.108;2;315
14/06/2023 08:00;-10.4;0;73;30.119;1;292.5
14/06/2023 09:00;-11.2;0;77;30.146;1;292.5
14/06/2023 10:00;-8.3;48;72;30.153;2;315
14/06/2023 11:00;-4.8;261;66;30.169;3;315
14/06/2023 12:00;2;480;48;30.186;2;0
14/06/2023 13:00;4.5;649;31;30.175;2;135
14/06/2023 14:00;6.4;763;26;30.158;5;67.5
14/06/2023 15:00;8.2;810;21;30.126;9;67.5
14/06/2023 16:00;8.9;788;21;30.087;10;67.5
14/06/2023 17:00;9.7;701;16;30.069;12;67.5
14/06/2023 18:00;9.1;554;18;30.061;13;45
14/06/2023 19:00;8.2;362;19;30.07;16;45
14/06/2023 20:00;6.1;132;28;30.093;16;45
14/06/2023 21:00;1.9;9;36;30.117;9;45
14/06/2023 22:00;0.4;0;40;30.148;5;67.5
14/06/2023 23:00;0.4;0;36;30.2;2;45
15/06/2023 00:00;-2.2;0;38;30.214;2;22.5
15/06/2023 01:00;-3.7;0;45;30.234;0;225
15/06/2023 02:00;-5.9;0;48;30.228;1;270
15/06/2023 03:00;-5.5;0;49;30.224;1;292.5
15/06/2023 04:00;-9.3;0;61;30.213;2;315
15/06/2023 05:00;-8.3;0;55;30.197;2;315
15/06/2023 06:00;-9.7;0;63;30.181;2;315
15/06/2023 07:00;-10.5;0;67;30.179;2;292.5
15/06/2023 08:00;-9;0;60;30.184;2;315
15/06/2023 09:00;-11.7;0;67;30.185;3;315
15/06/2023 10:00;-9.8;46;70;30.193;3;315
15/06/2023 11:00;-5;261;61;30.224;3;292.5
15/06/2023 12:00;2.1;481;44;30.224;2;0
15/06/2023 13:00;4.7;651;27;30.209;2;67.5
15/06/2023 14:00;6.9;765;18;30.196;4;90
15/06/2023 15:00;8;813;14;30.166;5;67.5
15/06/2023 16:00;9.5;791;12;30.136;8;67.5
15/06/2023 17:00;9.8;706;9;30.122;11;67.5
15/06/2023 18:00;9.8;557;15;30.116;10;45
15/06/2023 21:00;9.1;365;18;30.104;11;45
15/06/2023 22:00;6.5;135;25;30.124;13;45
15/06/2023 23:00;1.7;9;31;30.144;8;45
16/06/2023 00:00;0.5;0;35;30.184;5;112.5
16/06/2023 01:00;-2;0;41;30.208;6;90
16/06/2023 02:00;-3.3;0;44;30.238;1;292.5
16/06/2023 03:00;-5.2;0;47;30.251;1;292.5
16/06/2023 04:00;-6.7;0;51;30.247;3;292.5
16/06/2023 05:00;-6.3;0;48;30.23;3;337.5
16/06/2023 06:00;-8.3;0;52;30.229;2;315
16/06/2023 07:00;-11.4;0;70;30.222;1;292.5
16/06/2023 08:00;-10.6;0;72;30.21;1;292.5
16/06/2023 09:00;-11.7;0;68;30.216;1;315
16/06/2023 10:00;-10.4;0;59;30.214;2;337.5
16/06/2023 11:00;-12.6;0;69;30.217;1;315
16/06/2023 12:00;-10.6;48;68;30.223;2;292.5
16/06/2023 13:00;-5;258;55;30.25;2;0
16/06/2023 14:00;1.6;475;36;30.252;2;0
16/06/2023 15:00;5.2;645;25;30.226;1;0
16/06/2023 16:00;7.9;758;19;30.2;2;0
16/06/2023 17:00;9.1;806;16;30.17;4;0
16/06/2023 18:00;9.9;786;15;30.132;4;0
16/06/2023 19:00;10.6;697;15;30.108;3;315
16/06/2023 20:00;10.4;552;17;30.095;5;67.5
16/06/2023 21:00;8.2;360;20;30.1;13;45
16/06/2023 22:00;5.2;132;24;30.121;16;67.5
16/06/2023 23:00;1.5;9;30;30.151;9;67.5
17/06/2023 00:00;-0.9;0;37;30.19;5;67.5
17/06/2023 01:00;-3.3;0;44;30.232;5;90
17/06/2023 02:00;-3.4;0;45;30.253;2;67.5
17/06/2023 03:00;-3.6;0;43;30.269;1;45
17/06/2023 04:00;-5.4;0;49;30.264;2;315
17/06/2023 05:00;-6.1;0;51;30.249;2;337.5
17/06/2023 06:00;-7.6;0;60;30.225;2;315
17/06/2023 07:00;-7.6;0;59;30.205;2;315
17/06/2023 08:00;-7.7;0;58;30.198;0;315
17/06/2023 09:00;-9;0;68;30.195;0;315
17/06/2023 10:00;-9.2;0;64;30.174;1;315
17/06/2023 11:00;-9.4;0;64;30.177;2;315
17/06/2023 12:00;-8.2;48;66;30.183;3;315
17/06/2023 13:00;-2.8;257;54;30.195;3;0
17/06/2023 14:00;3.4;472;44;30.177;4;202.5
17/06/2023 15:00;6.1;639;31;30.151;6;202.5
17/06/2023 16:00;7.4;756;22;30.119;6;67.5
17/06/2023 17:00;8.8;803;21;30.094;7;112.5
17/06/2023 18:00;9.1;782;23;30.071;9;90
17/06/2023 19:00;10.2;693;21;30.04;9;90
17/06/2023 20:00;9.5;545;25;30.026;13;45
17/06/2023 21:00;8.2;358;29;30.048;14;45
17/06/2023 22:00;5.7;132;35;30.08;16;45
17/06/2023 23:00;3;5;40;30.099;10;67.5
18/06/2023 00:00;0;0;49;30.12;6;67.5
18/06/2023 01:00;0.5;0;49;30.152;1;135
18/06/2023 02:00;-1.7;0;54;30.17;0;225
18/06/2023 03:00;-2.5;0;57;30.17;0;135
18/06/2023 04:00;-4;0;62;30.166;2;315
18/06/2023 05:00;-5.4;0;68;30.147;2;315
18/06/2023 06:00;-6;0;68;30.132;3;315
18/06/2023 07:00;-7.1;0;68;30.12;3;315
18/06/2023 08:00;-7.1;0;73;30.101;2;315
18/06/2023 09:00;-8.5;0;76;30.088;2;315
18/06/2023 10:00;-8.4;0;76;30.101;2;315
18/06/2023 11:00;-9.6;0;79;30.131;1;315
18/06/2023 12:00;-8.9;47;81;30.15;2;292.5
18/06/2023 13:00;-3.8;249;70;30.156;3;0
18/06/2023 14:00;3;472;52;30.139;4;0
18/06/2023 15:00;6.5;642;25;30.143;5;135
18/06/2023 16:00;8;755;16;30.151;9;90
18/06/2023 17:00;9;804;19;30.126;11;67.5
18/06/2023 18:00;10.1;781;17;30.084;10;112.5
18/06/2023 19:00;10.7;698;10;30.062;10;67.5
18/06/2023 20:00;10.8;554;12;30.047;12;67.5
18/06/2023 21:00;9.7;361;13;30.055;14;45
18/06/2023 22:00;7.5;135;14;30.07;16;45
18/06/2023 23:00;4.3;9;16;30.083;14;45
19/06/2023 00:00;3.1;0;16;30.095;11;45
19/06/2023 01:00;0.9;0;21;30.125;2;180
19/06/2023 02:00;0.2;0;21;30.145;1;247.5
19/06/2023 03:00;-1;0;25;30.145;2;292.5
19/06/2023 04:00;-3.6;0;31;30.144;0;292.5
19/06/2023 05:00;-6;0;37;30.141;3;315
19/06/2023 06:00;-6.2;0;37;30.119;2;315
19/06/2023 07:00;-7.6;0;37;30.104;2;315
19/06/2023 08:00;-8.2;0;48;30.102;2;315
19/06/2023 09:00;-8.7;0;48;30.097;2;315
19/06/2023 10:00;-10.8;0;56;30.098;2;315
19/06/2023 11:00;-9.2;0;56;30.114;2;315
19/06/2023 12:00;-8.3;48;53;30.124;4;315
19/06/2023 13:00;-2.7;256;43;30.14;4;315
19/06/2023 14:00;4.2;473;33;30.13;3;0
19/06/2023 15:00;8.6;641;22;30.125;1;0
19/06/2023 16:00;8.9;756;15;30.096;4;0
19/06/2023 17:00;9.7;807;15;30.073;8;67.5
19/06/2023 18:00;10.2;786;14;30.036;8;90
19/06/2023 19:00;10.9;699;13;30.007;10;67.5
19/06/2023 20:00;11.1;555;12;30.003;9;67.5
19/06/2023 21:00;9.7;361;15;30.015;15;45
19/06/2023 22:00;7.6;135;16;30.021;17;45
19/06/2023 23:00;3.7;5;21;30.035;14;67.5
20/06/2023 00:00;2.6;0;21;30.077;7;45
20/06/2023 01:00;0.6;0;25;30.101;2;0
20/06/2023 02:00;1;0;24;30.128;1;112.5
20/06/2023 03:00;-2.7;0;32;30.13;1;292.5
20/06/2023 04:00;-2.6;0;31;30.126;2;315
20/06/2023 05:00;-6.5;0;47;30.125;2;315
20/06/2023 06:00;-5.9;0;40;30.105;2;315
20/06/2023 07:00;-8.3;0;49;30.09;2;315
20/06/2023 08:00;-8.7;0;48;30.086;2;315
20/06/2023 09:00;-9.8;0;55;30.088;1;315
20/06/2023 10:00;-9.4;0;56;30.086;3;315
20/06/2023 11:00;-10.1;0;50;30.091;3;315
20/06/2023 12:00;-9.2;34;56;30.113;3;315
20/06/2023 13:00;-3.7;254;46;30.116;2;0
20/06/2023 14:00;3.4;472;32;30.116;1;0
20/06/2023 15:00;6.2;642;19;30.11;2;67.5
20/06/2023 16:00;7.9;758;16;30.09;8;67.5
20/06/2023 17:00;8.8;807;14;30.064;8;67.5
20/06/2023 18:00;9.7;787;13;30.045;9;67.5
20/06/2023 19:00;10.4;702;11;30.028;9;67.5
20/06/2023 20:00;10.2;557;10;30.024;13;45
20/06/2023 21:00;9.3;365;13;30.022;14;45
20/06/2023 22:00;6.9;136;17;30.041;13;45
20/06/2023 23:00;3.3;9;22;30.053;10;45
21/06/2023 00:00;2.2;0;22;30.078;11;45
21/06/2023 01:00;-0.6;0;28;30.112;5;45
21/06/2023 02:00;-1.5;0;28;30.141;1;45
21/06/2023 03:00;-3.3;0;32;30.14;1;247.5
21/06/2023 04:00;-3.8;0;35;30.136;1;315
21/06/2023 05:00;-6.7;0;41;30.155;2;337.5
21/06/2023 06:00;-7.8;0;44;30.156;1;315
21/06/2023 07:00;-8.9;0;52;30.135;2;315
21/06/2023 08:00;-8.8;0;47;30.128;3;315
21/06/2023 09:00;-10.7;0;52;30.122;3;315
21/06/2023 10:00;-10.7;0;54;30.12;2;315
21/06/2023 11:00;-10.6;0;48;30.124;2;315
21/06/2023 12:00;-9.9;45;53;30.141;2;315
21/06/2023 13:00;-5.2;253;50;30.165;3;292.5
21/06/2023 14:00;1.9;474;30;30.173;2;0
21/06/2023 15:00;6.2;643;15;30.154;2;202.5
21/06/2023 16:00;8.2;760;12;30.134;2;0
21/06/2023 17:00;8.9;809;10;30.116;6;45
21/06/2023 18:00;9.6;789;9;30.101;8;90
21/06/2023 19:00;9.9;702;10;30.078;11;67.5
21/06/2023 20:00;10;560;10;30.07;12;67.5
21/06/2023 21:00;8.2;366;13;30.082;17;45
21/06/2023 22:00;6.7;136;14;30.091;15;45
21/06/2023 23:00;3.4;9;16;30.132;11;45
22/06/2023 00:00;-3.2;0;26;30.081;1;292.5
22/06/2023 01:00;-7.6;0;40;30.159;2;270
22/06/2023 02:00;-6.5;0;36;30.197;1;315
22/06/2023 03:00;-8.4;0;39;30.221;1;337.5
22/06/2023 04:00;-11.9;0;58;30.218;1;315
22/06/2023 05:00;-10.1;0;49;30.23;2;315
22/06/2023 06:00;-11.4;0;47;30.228;2;315
22/06/2023 07:00;-11.1;0;46;30.237;2;315
22/06/2023 08:00;-11.4;3;50;30.27;2;315
22/06/2023 09:00;-7.8;130;47;30.302;3;292.5
22/06/2023 10:00;-1;379;35;30.295;3;0
22/06/2023 11:00;6.2;565;15;30.262;2;202.5
22/06/2023 12:00;8.3;707;13;30.198;2;0
22/06/2023 13:00;9.2;791;10;30.149;14;0
22/06/2023 14:00;9.8;805;9;30.1;11;0
22/06/2023 15:00;10.7;748;13;30.045;8;0
22/06/2023 16:00;10.5;629;12;30.013;8;0
22/06/2023 17:00;9.9;458;12;30.015;9;270
22/06/2023 18:00;9.5;250;12;30.021;8;0
22/06/2023 19:00;4.8;40;15;30.042;6;0
22/06/2023 20:00;1.2;0;24;30.085;6;0
22/06/2023 21:00;-0.8;0;27;30.117;2;292.5
22/06/2023 22:00;-1.1;0;30;30.163;0;0
22/06/2023 23:00;-0.5;0;30;30.198;0;337.5
23/06/2023 00:00;-2;0;29;30.213;3;315
23/06/2023 01:00;-6.1;0;37;30.206;1;315
23/06/2023 02:00;-7.6;0;43;30.19;2;292.5
23/06/2023 03:00;-7.8;0;44;30.176;2;315
23/06/2023 04:00;-8.6;0;47;30.175;2;315
23/06/2023 05:00;-9.9;0;56;30.169;1;292.5
23/06/2023 06:00;-11.1;0;61;30.176;2;292.5
23/06/2023 07:00;-11;0;54;30.172;2;292.5
23/06/2023 08:00;-9.8;7;49;30.189;2;315
23/06/2023 09:00;-7.7;136;46;30.211;3;315
23/06/2023 10:00;-1.1;377;32;30.22;3;0
23/06/2023 11:00;5.1;568;21;30.201;2;0
23/06/2023 12:00;8.4;709;15;30.188;3;0
23/06/2023 13:00;10.1;789;8;30.177;3;0
23/06/2023 14:00;10.9;806;6;30.154;6;0
23/06/2023 15:00;11.6;751;6;30.126;8;0
23/06/2023 16:00;11.3;633;6;30.099;10;315
23/06/2023 17:00;11;460;9;30.078;11;0
23/06/2023 18:00;10.2;250;11;30.089;11;45
23/06/2023 19:00;5.6;42;19;30.112;11;45
23/06/2023 20:00;1.6;0;23;30.145;5;67.5
23/06/2023 21:00;1;0;24;30.161;3;67.5
23/06/2023 22:00;-0.3;0;27;30.171;1;45
23/06/2023 23:00;-2.9;0;31;30.198;1;180
24/06/2023 00:00;-3;0;28;30.193;1;225
24/06/2023 01:00;-7.7;0;40;30.181;2;315
24/06/2023 02:00;-7.6;0;34;30.191;3;292.5
24/06/2023 03:00;-7.7;0;37;30.178;3;292.5
24/06/2023 04:00;-10.3;0;45;30.175;2;337.5
24/06/2023 05:00;-10.3;0;48;30.149;1;315
24/06/2023 06:00;-12.2;0;62;30.152;0;292.5
24/06/2023 07:00;-9.5;0;46;30.155;1;315
24/06/2023 08:00;-11.4;3;43;30.169;4;337.5
24/06/2023 09:00;-7.2;127;43;30.201;2;292.5
24/06/2023 10:00;-1.4;376;37;30.211;4;0
24/06/2023 11:00;6.8;566;15;30.191;2;0
24/06/2023 12:00;8.9;707;13;30.179;6;0
24/06/2023 13:00;9.6;788;12;30.149;9;0
24/06/2023 14:00;10.6;802;12;30.124;10;0
24/06/2023 15:00;11.2;748;12;30.102;10;0
24/06/2023 16:00;11.6;631;12;30.087;8;270
24/06/2023 17:00;11.4;461;13;30.075;6;270
24/06/2023 18:00;10.4;252;14;30.072;7;202.5
24/06/2023 19:00;6.8;39;18;30.091;7;0
24/06/2023 20:00;2.7;0;24;30.128;3;0
24/06/2023 21:00;2.3;0;25;30.16;2;67.5
24/06/2023 22:00;0.8;0;33;30.168;3;0
24/06/2023 23:00;-2.2;0;42;30.177;1;315
25/06/2023 00:00;-4.6;0;42;30.173;1;292.5
25/06/2023 01:00;-5.9;0;47;30.175;2;292.5
25/06/2023 02:00;-5.4;0;43;30.164;2;315
25/06/2023 03:00;-6.8;0;45;30.144;3;315
25/06/2023 04:00;-7.1;0;47;30.129;2;315
25/06/2023 05:00;-9.3;0;60;30.121;2;315
25/06/2023 06:00;-8.4;0;55;30.123;2;315
25/06/2023 07:00;-8.8;0;55;30.139;2;292.5
25/06/2023 08:00;-8.7;8;53;30.147;4;315
25/06/2023 09:00;-5.7;136;56;30.157;3;315
25/06/2023 10:00;0.2;372;43;30.169;4;0
25/06/2023 11:00;6.8;563;23;30.137;3;0
25/06/2023 12:00;9.2;707;15;30.128;3;0
25/06/2023 13:00;10.2;788;15;30.11;4;0
25/06/2023 14:00;11.8;803;10;30.077;4;315
25/06/2023 15:00;12.6;751;8;30.062;8;292.5
25/06/2023 16:00;12.5;633;10;30.032;6;292.5
25/06/2023 17:00;12.7;463;9;30.018;4;292.5
25/06/2023 18:00;10.7;254;14;30.021;7;292.5
25/06/2023 19:00;6.5;44;18;30.048;13;45
25/06/2023 20:00;3.1;0;23;30.094;5;67.5
25/06/2023 21:00;1.9;0;24;30.121;2;67.5
25/06/2023 22:00;-0.8;0;30;30.129;2;292.5
25/06/2023 23:00;-1.6;0;36;30.134;2;315
26/06/2023 00:00;-2.5;0;34;30.131;1;315
26/06/2023 01:00;-5.4;0;45;30.126;2;315
26/06/2023 02:00;-7.4;0;47;30.123;1;292.5
26/06/2023 03:00;-6.4;0;43;30.1;1;315
26/06/2023 04:00;-8.6;0;56;30.092;2;292.5
26/06/2023 05:00;-10.8;0;68;30.085;2;315
26/06/2023 06:00;-8.8;0;55;30.079;3;315
26/06/2023 07:00;-9.8;0;63;30.085;3;292.5
26/06/2023 08:00;-9.6;3;60;30.088;3;315
26/06/2023 09:00;-5.5;127;55;30.106;4;315
26/06/2023 10:00;-0.1;374;39;30.124;4;0
26/06/2023 11:00;6;565;28;30.101;2;0
26/06/2023 12:00;9.2;707;18;30.091;4;0
26/06/2023 13:00;10.8;791;13;30.076;6;292.5
26/06/2023 14:00;11.8;806;10;30.056;5;292.5
26/06/2023 15:00;12.3;751;10;30.019;6;270
26/06/2023 16:00;12.9;631;11;29.996;5;270
26/06/2023 17:00;12.9;463;9;29.986;4;292.5
26/06/2023 18:00;12.6;256;10;29.989;3;202.5
26/06/2023 19:00;6.7;44;18;30.02;9;67.5
26/06/2023 20:00;5.1;0;22;30.043;9;45
26/06/2023 21:00;2.3;0;27;30.082;1;180
26/06/2023 22:00;0.1;0;35;30.096;1;270
26/06/2023 23:00;-1.3;0;34;30.111;2;292.5
27/06/2023 00:00;-3.6;0;38;30.098;4;315
27/06/2023 01:00;-7.1;0;49;30.105;2;337.5
27/06/2023 02:00;-6.9;0;47;30.119;0;270
27/06/2023 03:00;-7.1;0;49;30.102;2;292.5
27/06/2023 04:00;-7.4;0;49;30.087;2;292.5
27/06/2023 05:00;-9.9;0;51;30.074;4;315
27/06/2023 06:00;-10.4;0;55;30.067;2;315
27/06/2023 07:00;-10.6;0;61;30.081;2;292.5
27/06/2023 08:00;-9.1;6;54;30.102;3;315
27/06/2023 09:00;-5.7;134;51;30.132;4;315
27/06/2023 10:00;0.7;372;42;30.126;4;0
27/06/2023 11:00;7.2;562;22;30.114;5;202.5
27/06/2023 12:00;9.3;706;15;30.108;10;0
27/06/2023 15:00;10.2;789;11;30.088;13;0
27/06/2023 16:00;10.8;805;11;30.063;12;0
27/06/2023 17:00;11;311;9;29.939;7;270
27/06/2023 18:00;9.1;136;14;30.01;8;0
27/06/2023 19:00;4.9;5;19;30.035;7;0
27/06/2023 20:00;0.5;0;30;30.087;2;0
27/06/2023 21:00;1;0;30;30.127;1;202.5
27/06/2023 22:00;0.8;0;34;30.148;1;202.5
27/06/2023 23:00;0.2;0;40;30.136;0;247.5
28/06/2023 00:00;-0.6;0;38;30.138;1;270
28/06/2023 01:00;-4.3;0;53;30.125;2;315
28/06/2023 02:00;-6.3;0;58;30.123;3;315
28/06/2023 03:00;-6.6;0;62;30.1;3;315
28/06/2023 04:00;-6.8;0;63;30.09;3;315
28/06/2023 05:00;-7.7;0;64;30.096;2;315
28/06/2023 06:00;-8.2;0;69;30.091;3;315
28/06/2023 07:00;-7.5;0;72;30.115;3;315
28/06/2023 08:00;-6.3;44;66;30.136;2;315
28/06/2023 09:00;-2;251;56;30.127;4;0
28/06/2023 10:00;4.5;468;37;30.13;6;0
28/06/2023 11:00;7.6;635;34;30.101;7;225
28/06/2023 12:00;9.2;750;26;30.084;7;202.5
28/06/2023 13:00;10.1;797;19;30.066;5;292.5
28/06/2023 14:00;11.5;780;17;30.035;4;292.5
28/06/2023 15:00;12.3;694;15;29.992;4;270
28/06/2023 16:00;12.6;550;14;29.968;2;315
28/06/2023 17:00;12.6;359;14;29.963;4;315
28/06/2023 18:00;11.8;133;15;29.971;1;337.5
28/06/2023 19:00;5.2;4;25;29.993;2;67.5
28/06/2023 20:00;2.9;0;27;30.037;4;135
28/06/2023 21:00;2.2;0;30;30.072;2;0
28/06/2023 22:00;-0.1;0;36;30.096;1;0
28/06/2023 23:00;-1.6;0;37;30.105;3;337.5
29/06/2023 00:00;-4.2;0;48;30.096;2;315
29/06/2023 01:00;-3.1;0;43;30.097;3;337.5
29/06/2023 02:00;-4.6;0;48;30.079;1;315
29/06/2023 03:00;-6.4;0;60;30.046;2;292.5
29/06/2023 04:00;-7.5;0;55;30.037;3;337.5
29/06/2023 05:00;-7.5;0;67;30.035;2;292.5
29/06/2023 06:00;-7.5;0;63;30.03;2;315
29/06/2023 07:00;-8.1;0;68;30.052;3;315
29/06/2023 08:00;-6.2;44;67;30.061;3;292.5
29/06/2023 09:00;-1.1;249;63;30.074;4;0
29/06/2023 10:00;5.6;465;39;30.077;7;202.5
29/06/2023 11:00;7.9;633;34;30.065;10;225
29/06/2023 12:00;9.1;746;26;30.059;10;0
29/06/2023 13:00;10.2;795;23;30.022;7;247.5
29/06/2023 14:00;10.9;776;25;29.997;6;270
29/06/2023 15:00;12.2;690;24;29.972;5;270
29/06/2023 16:00;12.2;546;20;29.959;5;270
29/06/2023 17:00;11.8;358;20;29.959;6;315
29/06/2023 18:00;10.2;134;24;29.969;6;292.5
29/06/2023 19:00;5.1;5;37;29.993;5;0
29/06/2023 20:00;2.5;0;47;30.04;1;247.5
29/06/2023 21:00;3.3;0;50;30.07;0;180
29/06/2023 22:00;1.4;0;52;30.084;0;315
29/06/2023 23:00;0.3;0;49;30.091;2;337.5
30/06/2023 00:00;0.2;0;48;30.085;1;315
30/06/2023 01:00;-0.9;0;50;30.053;2;292.5
30/06/2023 02:00;-3.1;0;60;30.018;2;315
30/06/2023 03:00;-4.2;0;62;29.997;2;292.5
30/06/2023 04:00;-4.9;0;67;29.972;3;315
30/06/2023 05:00;-6;0;68;29.973;3;315
30/06/2023 06:00;-6.8;0;67;29.98;3;315
30/06/2023 07:00;-6.8;0;72;29.998;3;315
30/06/2023 08:00;-6.4;45;73;30.022;4;315
30/06/2023 09:00;-1.8;251;62;30.042;4;0
30/06/2023 10:00;4.3;468;46;30.036;4;0
30/06/2023 11:00;8.9;638;27;30.018;3;270
30/06/2023 12:00;10.9;754;18;30.006;2;292.5
30/06/2023 13:00;11.3;807;12;29.993;4;180
30/06/2023 14:00;12.6;785;14;29.948;4;90
30/06/2023 15:00;12.9;698;13;29.908;3;292.5
30/06/2023 16:00;13.4;552;12;29.892;2;292.5
30/06/2023 17:00;11.5;360;19;29.882;7;45
30/06/2023 18:00;8.6;135;24;29.91;15;67.5
30/06/2023 19:00;4.6;5;29;29.955;9;67.5
30/06/2023 20:00;2.3;0;36;29.991;4;112.5
30/06/2023 21:00;2.5;0;36;30.013;3;90
30/06/2023 22:00;0.4;0;40;30.013;0;337.5
30/06/2023 23:00;-2.8;0;48;30.015;2;337.5
1/07/2023 00:00;-3;0;47;30.017;2;337.5
1/07/2023 01:00;-3.8;0;50;30.018;2;315
1/07/2023 02:00;-6.7;0;60;30.007;0;315
1/07/2023 03:00;-7.6;0;58;30.018;1;292.5
1/07/2023 04:00;-7.9;0;66;30.01;2;292.5
1/07/2023 05:00;-7.1;0;60;30.01;2;315
1/07/2023 06:00;-9.2;0;65;30.023;3;315
1/07/2023 07:00;-9.5;0;67;30.046;2;315
1/07/2023 08:00;-7.5;34;65;30.063;2;315
1/07/2023 09:00;-3.1;248;61;30.083;3;292.5
1/07/2023 10:00;5;465;34;30.077;2;0
1/07/2023 11:00;8.6;636;25;30.056;2;202.5
1/07/2023 12:00;10;753;18;30.035;2;0
1/07/2023 13:00;11.4;801;18;30.023;4;45
1/07/2023 14:00;12.8;786;14;29.983;3;180
1/07/2023 15:00;13.6;698;14;29.952;3;202.5
1/07/2023 16:00;13.2;550;11;29.934;3;45
1/07/2023 17:00;12.4;357;18;29.928;6;67.5
1/07/2023 18:00;9.5;133;25;29.949;13;67.5
1/07/2023 19:00;5.7;6;29;29.98;7;45
1/07/2023 20:00;3;0;36;30.007;4;90
1/07/2023 21:00;1.9;0;38;30.036;4;90
1/07/2023 22:00;1.9;0;37;30.056;2;67.5
1/07/2023 23:00;-0.6;0;44;30.055;4;0
2/07/2023 00:00;-2;0;44;30.053;3;0
2/07/2023 01:00;-6.5;0;61;30.039;1;292.5
2/07/2023 02:00;-5.5;0;59;30.025;2;315
2/07/2023 03:00;-6.4;0;56;30.009;4;315
2/07/2023 04:00;-9.3;0;66;30.008;2;292.5
2/07/2023 05:00;-7.2;0;65;30.017;2;292.5
2/07/2023 06:00;-7.7;0;62;30.018;3;315
2/07/2023 07:00;-8;0;63;30.023;3;315
2/07/2023 08:00;-7.8;45;65;30.031;4;315
2/07/2023 09:00;-1.6;254;54;30.05;5;270
2/07/2023 10:00;5.4;471;34;30.041;4;0
2/07/2023 11:00;10;640;20;30.022;6;225
2/07/2023 12:00;12.1;755;16;30.019;6;202.5
2/07/2023 13:00;13.3;806;14;29.989;5;202.5
2/07/2023 14:00;14.8;787;11;29.954;4;180
2/07/2023 15:00;15.4;700;10;29.919;3;315
2/07/2023 16:00;16.3;554;10;29.91;2;315
2/07/2023 17:00;13.9;362;18;29.901;9;67.5
2/07/2023 18:00;10.3;136;25;29.917;13;67.5
2/07/2023 19:00;4.9;8;38;29.952;9;90
2/07/2023 20:00;2.3;0;44;29.979;7;90
2/07/2023 21:00;0.2;0;51;30.027;6;90
2/07/2023 22:00;-1.2;0;54;30.051;4;67.5
2/07/2023 23:00;-1.5;0;58;30.069;3;67.5
3/07/2023 00:00;-2.1;0;58;30.061;3;0
3/07/2023 01:00;-3.8;0;62;30.067;3;337.5
3/07/2023 02:00;-3.9;0;61;30.058;3;337.5
3/07/2023 03:00;-5.2;0;62;30.038;1;0
3/07/2023 04:00;-5.9;0;65;30.026;2;337.5
3/07/2023 05:00;-6.6;0;68;30.034;0;0
3/07/2023 06:00;-8.8;0;77;30.032;1;292.5
3/07/2023 07:00;-10.4;0;77;30.043;2;292.5
3/07/2023 08:00;-7.6;45;76;30.045;4;315
3/07/2023 09:00;-2.6;268;64;30.052;4;315
3/07/2023 10:00;4.1;483;43;30.064;2;0
3/07/2023 11:00;8.1;644;27;30.044;0;315
3/07/2023 12:00;10.1;754;26;30.02;1;157.5
3/07/2023 13:00;11.8;804;21;30.002;3;180
3/07/2023 14:00;12.9;786;17;29.987;5;67.5
3/07/2023 15:00;13.6;700;15;29.966;8;67.5
3/07/2023 16:00;13.8;554;13;29.982;9;67.5
3/07/2023 17:00;13.4;363;18;29.983;11;67.5
3/07/2023 18:00;10.3;137;24;29.999;11;67.5
3/07/2023 19:00;4.9;9;36;30.028;9;90
3/07/2023 20:00;2.2;0;43;30.074;7;90
3/07/2023 21:00;0.1;0;48;30.113;5;90
3/07/2023 22:00;-0.8;0;50;30.14;2;67.5
3/07/2023 23:00;-2.4;0;54;30.144;4;45
4/07/2023 00:00;-2.8;0;58;30.139;3;337.5
4/07/2023 01:00;-5.1;0;62;30.138;4;337.5
4/07/2023 02:00;-5.4;0;60;30.125;1;337.5
4/07/2023 03:00;-8.2;0;72;30.114;1;315
4/07/2023 04:00;-7.9;0;71;30.096;1;315
4/07/2023 05:00;-8.1;0;70;30.094;3;315
4/07/2023 06:00;-8.5;0;66;30.099;1;315
4/07/2023 07:00;-10;0;74;30.103;1;292.5
4/07/2023 08:00;-8.1;43;66;30.122;1;315
4/07/2023 09:00;-3.3;264;61;30.132;2;292.5
4/07/2023 10:00;3.4;477;43;30.118;1;0
4/07/2023 11:00;7.1;641;28;30.106;2;90
4/07/2023 12:00;9.8;757;21;30.095;6;67.5
4/07/2023 13:00;12.2;808;16;30.069;7;67.5
4/07/2023 14:00;13.4;790;13;30.042;7;67.5
4/07/2023 15:00;14;701;11;30.026;9;67.5
4/07/2023 16:00;13.6;553;15;29.996;10;67.5
4/07/2023 17:00;12.7;363;17;29.992;12;67.5
4/07/2023 18:00;9;139;25;30.01;13;67.5
4/07/2023 19:00;4.6;8;31;30.048;9;67.5
4/07/2023 20:00;1.9;0;35;30.07;8;90
4/07/2023 21:00;0.4;0;38;30.122;3;67.5
4/07/2023 22:00;0.6;0;39;30.149;1;90
4/07/2023 23:00;-2.2;0;44;30.149;2;0
5/07/2023 00:00;-2.2;0;43;30.142;2;337.5
5/07/2023 01:00;-4.1;0;48;30.132;2;337.5
5/07/2023 02:00;-6.1;0;49;30.118;2;315
5/07/2023 03:00;-6.7;0;56;30.095;2;315
5/07/2023 04:00;-7.3;0;57;30.064;3;315
5/07/2023 05:00;-8.2;0;55;30.056;3;315
5/07/2023 06:00;-8.9;0;61;30.06;3;315
5/07/2023 07:00;-8;0;55;30.068;3;315
5/07/2023 08:00;-7.4;46;53;30.076;4;315
5/07/2023 09:00;-1.6;251;42;30.081;4;292.5
5/07/2023 10:00;6.3;466;24;30.07;5;0
5/07/2023 11:00;10.9;638;11;30.053;4;225
5/07/2023 12:00;13.1;751;11;30.028;5;225
5/07/2023 13:00;14;802;11;29.982;3;292.5
5/07/2023 14:00;14.9;782;10;29.941;3;180
5/07/2023 15:00;15.2;699;8;29.918;6;67.5
5/07/2023 16:00;15.1;558;7;29.9;5;67.5
5/07/2023 17:00;14.1;367;11;29.898;9;45
5/07/2023 18:00;10.4;142;14;29.925;15;45
5/07/2023 19:00;6.5;8;16;29.95;9;67.5
5/07/2023 20:00;2.4;0;21;29.974;3;90
5/07/2023 21:00;1.1;0;25;29.993;3;67.5
5/07/2023 22:00;0.6;0;22;30.005;2;67.5
5/07/2023 23:00;-1.1;0;24;30.022;1;67.5
6/07/2023 00:00;-0.9;0;24;30.021;2;0
6/07/2023 01:00;-5.1;0;36;30.022;2;292.5
6/07/2023 02:00;-5.6;0;40;30.017;3;292.5
6/07/2023 03:00;-6.3;0;34;30;3;315
6/07/2023 04:00;-8.3;0;47;29.988;2;315
6/07/2023 05:00;-8.2;0;43;29.982;3;315
6/07/2023 06:00;-7.7;0;42;29.978;3;315
6/07/2023 07:00;-8.8;0;40;29.997;2;315
6/07/2023 08:00;-7.8;44;45;30.016;2;292.5
6/07/2023 09:00;-2.8;251;35;30.032;3;292.5
6/07/2023 10:00;4.9;468;21;30.017;2;0
6/07/2023 11:00;9.9;638;11;29.998;1;270
6/07/2023 12:00;12;760;7;29.98;1;315
6/07/2023 13:00;13.1;812;5;29.955;3;135
6/07/2023 14:00;13.9;793;5;29.934;7;67.5
6/07/2023 15:00;14.4;709;6;29.906;7;90
6/07/2023 16:00;14.4;563;6;29.897;9;67.5
6/07/2023 17:00;13.9;371;7;29.898;9;45
6/07/2023 18:00;11.2;147;11;29.92;10;67.5
6/07/2023 19:00;5.6;9;17;29.94;9;67.5
6/07/2023 20:00;2.9;0;20;29.984;4;90
6/07/2023 21:00;0;0;26;29.997;5;67.5
6/07/2023 22:00;-1.6;0;29;30.021;4;67.5
6/07/2023 23:00;0.1;0;25;30.029;0;22.5
7/07/2023 00:00;-3.3;0;34;30.021;2;337.5
7/07/2023 01:00;-6.1;0;36;30.027;3;337.5
7/07/2023 02:00;-7.3;0;39;30.021;3;315
7/07/2023 03:00;-7.2;0;39;30.026;2;315
7/07/2023 04:00;-8.8;0;38;30.014;1;315
7/07/2023 05:00;-10.1;0;49;30.013;2;292.5
7/07/2023 06:00;-11.7;0;53;30.026;2;315
7/07/2023 07:00;-11.9;0;57;30.052;2;292.5
7/07/2023 08:00;-9.2;46;51;30.081;2;292.5
7/07/2023 09:00;-4.1;254;39;30.099;3;315
7/07/2023 10:00;2.8;472;31;30.084;2;0
7/07/2023 11:00;10.5;643;11;30.067;1;0
7/07/2023 12:00;11.3;759;8;30.06;2;292.5
7/07/2023 13:00;12.9;810;8;30.04;2;315
7/07/2023 14:00;14;789;7;30.021;3;315
7/07/2023 15:00;14.6;705;6;29.993;5;202.5
7/07/2023 16:00;14.2;561;6;29.984;4;90
7/07/2023 17:00;13;371;9;29.995;10;67.5
7/07/2023 18:00;11;147;9;30.012;13;45
7/07/2023 19:00;7.7;8;10;30.033;6;45
7/07/2023 20:00;3.1;0;20;30.054;3;67.5
7/07/2023 21:00;2;0;22;30.068;3;67.5
7/07/2023 22:00;0.9;0;22;30.084;2;292.5
7/07/2023 23:00;-1;0;28;30.077;2;0
8/07/2023 00:00;-3.1;0;26;30.064;1;0
8/07/2023 01:00;-5.9;0;41;30.077;1;292.5
8/07/2023 02:00;-7.1;0;50;30.079;1;292.5
8/07/2023 03:00;-6.7;0;37;30.062;2;292.5
8/07/2023 04:00;-8.2;0;36;30.049;3;315
8/07/2023 05:00;-8.8;0;45;30.047;1;315
8/07/2023 06:00;-9.4;0;48;30.042;2;315
8/07/2023 07:00;-8.6;0;43;30.055;2;315
8/07/2023 08:00;-7;35;40;30.045;4;315
8/07/2023 09:00;-1.9;253;30;30.058;4;292.5
8/07/2023 10:00;4.3;470;24;30.043;3;0
8/07/2023 11:00;10.4;639;17;30.03;2;225
8/07/2023 12:00;12.4;755;10;29.997;2;202.5
8/07/2023 13:00;13.1;803;11;29.97;4;202.5
8/07/2023 14:00;13.7;784;10;29.938;5;112.5
8/07/2023 15:00;13.7;698;12;29.909;7;67.5
8/07/2023 16:00;14.2;551;12;29.888;7;67.5
8/07/2023 17:00;12.1;361;13;29.905;15;45
8/07/2023 18:00;9.1;143;15;29.925;16;45
8/07/2023 19:00;5.8;7;18;29.983;9;45
8/07/2023 20:00;2.1;0;25;30.017;7;90
8/07/2023 21:00;1.6;0;26;30.041;2;90
8/07/2023 22:00;0.9;0;25;30.073;3;90
8/07/2023 23:00;-0.9;0;31;30.082;3;315
9/07/2023 00:00;-3.3;0;33;30.074;2;315
9/07/2023 01:00;-7.3;0;43;30.069;1;292.5
9/07/2023 02:00;-7;0;45;30.062;2;292.5
9/07/2023 03:00;-5.6;0;39;30.052;4;315
9/07/2023 04:00;-8.1;0;48;30.037;4;337.5
9/07/2023 05:00;-6.4;0;39;30.031;3;315
9/07/2023 06:00;-9.3;0;61;30.023;1;292.5
9/07/2023 07:00;-8.6;0;51;30.024;2;315
9/07/2023 08:00;-7.2;45;48;30.036;2;315
9/07/2023 09:00;11;701;12;29.937;1;202.5
9/07/2023 10:00;11.6;769;17;29.972;2;202.5
9/07/2023 11:00;12.3;801;16;29.968;4;270
9/07/2023 12:00;12.7;767;16;29.936;5;45
9/07/2023 13:00;14.4;667;14;29.912;3;315
9/07/2023 14:00;13.9;516;12;29.901;9;180
9/07/2023 15:00;12.6;316;18;29.902;11;67.5
9/07/2023 16:00;8.2;94;29;29.913;13;67.5
9/07/2023 17:00;3.6;3;41;29.952;8;90
9/07/2023 18:00;2.2;0;44;29.993;8;90
9/07/2023 19:00;-0.2;0;49;30.028;4;67.5
9/07/2023 20:00;0.4;0;53;30.03;3;67.5
9/07/2023 21:00;-3.1;0;55;30.039;4;337.5
9/07/2023 22:00;-3.9;0;58;30.035;2;315
9/07/2023 23:00;-6.6;0;58;30.057;2;292.5
10/07/2023 00:00;-3.6;0;55;30.033;3;315
10/07/2023 01:00;-6;0;61;30.007;3;315
10/07/2023 02:00;-5.9;0;57;29.995;2;315
10/07/2023 03:00;-7.3;0;66;29.995;1;292.5
10/07/2023 04:00;-7.3;0;64;30.013;3;315
10/07/2023 05:00;-7.9;1;64;30.014;3;315
10/07/2023 06:00;-5.7;68;60;30.019;4;315
10/07/2023 07:00;0.1;309;49;30.035;3;315
10/07/2023 08:00;6.6;487;33;30.021;1;0
